sample	qname	tagged_alignments	contigs	min_mapq	max_mapq	high_confidence	alignments
results_align_mapqfix	SRR23693988.13554591	1	NC_000964.3	60	60	1	R1:NC_000964.3:4215457-4215607:MAPQ60:150=
results_align_mapqfix	SRR23693988.5161066	2	NC_000964.3	60	60	1	R2:NC_000964.3:4215458-4215608:MAPQ60:150=;R1:NC_000964.3:4215467-4215616:MAPQ60:149=
results_align_mapqfix	SRR23693988.22493721	2	NC_000964.3	60	60	1	R1:NC_000964.3:4215458-4215608:MAPQ60:150=;R2:NC_000964.3:4215467-4215616:MAPQ60:149=
results_align_mapqfix	SRR23693988.10794241	1	NC_000964.3	60	60	1	R1:NC_000964.3:4215467-4215615:MAPQ60:148=
results_align_mapqfix	SRR23693988.460022	2	NC_000964.3	60	60	1	R2:NC_000964.3:4215468-4215618:MAPQ60:150=;R1:NC_000964.3:4215521-4215670:MAPQ60:103=1D45=
results_align_mapqfix	SRR23693988.16988143	2	NC_000964.3	60	60	1	R1:NC_000964.3:4215468-4215618:MAPQ60:150=;R2:NC_000964.3:4215522-4215670:MAPQ60:148=1I
results_align_mapqfix	SRR23693988.9017055	1	NC_000964.3	60	60	1	R2:NC_000964.3:4215468-4215618:MAPQ60:150=
results_align_mapqfix	SRR23693988.16030526	1	NC_000964.3	60	60	1	R2:NC_000964.3:4215469-4215618:MAPQ60:149=1I
results_align_mapqfix	SRR23693988.31742972	1	NC_000964.3	60	60	1	R2:NC_000964.3:4215475-4215625:MAPQ60:150=
results_align_mapqfix	SRR23693988.31746199	1	NC_000964.3	60	60	1	R2:NC_000964.3:4215475-4215625:MAPQ60:139=1X10=
results_align_mapqfix	SRR23693988.598526	1	NC_000964.3	60	60	1	R1:NC_000964.3:4215475-4215625:MAPQ60:150=
results_align_mapqfix	SRR23693988.6672689	2	NC_000964.3	60	60	1	R1:NC_000964.3:4215476-4215625:MAPQ60:149=;R2:NC_000964.3:4215568-4215718:MAPQ60:150=
results_align_mapqfix	SRR23693988.2985992	2	NC_000964.3	60	60	1	R1:NC_000964.3:4215478-4215628:MAPQ60:150=;R2:NC_000964.3:4215484-4215633:MAPQ60:149=
results_align_mapqfix	SRR23693988.17466769	1	NC_000964.3	58	58	1	R2:NC_000964.3:4215482-4215632:MAPQ58:127=1X10=2X2=1X7=
results_align_mapqfix	SRR23693988.8775653	2	NC_000964.3	60	60	1	R2:NC_000964.3:4215485-4215634:MAPQ60:149=;R1:NC_000964.3:4215521-4215670:MAPQ60:149=
results_align_mapqfix	SRR23693988.17181209	1	NC_000964.3	34	34	1	R1:NC_000964.3:4215488-4215625:MAPQ34:2X3=2I1=1X1=1I1=1I1=1X3=1X2I1=3X3=1X1D2=1X3=1I1=4X1=1X2=3I5=1I1=2X1I5=1X2=1X1=1D3=1I1=1X2I4=2X1D4=1I1=1I2=1I1=1D3=1X1D2=1X2=1X1D1=1X2=2X1=2D2=1X2=1X1=1X1D1=1X1=2I2=1X3=1X2=1I16=1I
results_align_mapqfix	SRR23693988.9438919	2	NC_000964.3	60	60	1	R2:NC_000964.3:4215492-4215641:MAPQ60:149=;R1:NC_000964.3:4215585-4215735:MAPQ60:150=
results_align_mapqfix	SRR23693988.12084552	2	NC_000964.3	60	60	1	R2:NC_000964.3:4215493-4215632:MAPQ60:139=;R1:NC_000964.3:4215493-4215632:MAPQ60:139=
results_align_mapqfix	SRR23693988.28954611	2	NC_000964.3	60	60	1	R2:NC_000964.3:4215493-4215632:MAPQ60:139=;R1:NC_000964.3:4215493-4215632:MAPQ60:139=
results_align_mapqfix	SRR23693988.21586210	2	NC_000964.3	60	60	1	R1:NC_000964.3:4215499-4215648:MAPQ60:50=1X98=;R2:NC_000964.3:4215589-4215739:MAPQ60:146=1X3=
results_align_mapqfix	SRR23693988.17514889	1	NC_000964.3	60	60	1	R1:NC_000964.3:4215499-4215648:MAPQ60:149=
results_align_mapqfix	SRR23693988.28488364	1	NC_000964.3	60	60	1	R2:NC_000964.3:4215499-4215648:MAPQ60:149=
results_align_mapqfix	SRR23693988.14148311	2	NC_000964.3	60	60	1	R1:NC_000964.3:4215508-4215658:MAPQ60:150=;R2:NC_000964.3:4215509-4215658:MAPQ60:149=
results_align_mapqfix	SRR23693988.20693853	2	NC_000964.3	60	60	1	R1:NC_000964.3:4215511-4215661:MAPQ60:150=;R2:NC_000964.3:4215588-4215737:MAPQ60:149=
results_align_mapqfix	SRR23693988.6629993	1	NC_000964.3	57	57	1	R1:NC_000964.3:4215515-4215664:MAPQ57:17=1X23=2X18=1D5=1I1=1X1=1X9=1X68=
results_align_mapqfix	SRR23693988.2131131	1	NC_000964.3	60	60	1	R1:NC_000964.3:4215518-4215668:MAPQ60:150=
results_align_mapqfix	SRR23693988.17511591	1	NC_000964.3	60	60	1	R2:NC_000964.3:4215518-4215668:MAPQ60:150=
results_align_mapqfix	SRR23693988.8889850	1	NC_000964.3	60	60	1	R2:NC_000964.3:4215521-4215670:MAPQ60:149=
results_align_mapqfix	SRR23693988.11363455	1	NC_000964.3	59	59	1	R2:NC_000964.3:4215521-4215670:MAPQ59:2=1X53=1X8=1X83=
results_align_mapqfix	SRR23693988.33578904	1	NC_000964.3	60	60	1	R2:NC_000964.3:4215521-4215670:MAPQ60:149=
results_align_mapqfix	SRR23693988.6813083	1	NC_000964.3	60	60	1	R1:NC_000964.3:4215522-4215670:MAPQ60:148=1I
results_align_mapqfix	SRR23693988.15145193	1	NC_000964.3	60	60	1	R2:NC_000964.3:4215523-4215673:MAPQ60:150=
results_align_mapqfix	SRR23693988.3333095	2	NC_000964.3	60	60	1	R1:NC_000964.3:4215530-4215678:MAPQ60:148=;R2:NC_000964.3:4215588-4215737:MAPQ60:149=
results_align_mapqfix	SRR23693988.8428623	1	NC_000964.3	60	60	1	R2:NC_000964.3:4215530-4215678:MAPQ60:133=1X14=
results_align_mapqfix	SRR23693988.8428832	1	NC_000964.3	60	60	1	R2:NC_000964.3:4215530-4215678:MAPQ60:148=
results_align_mapqfix	SRR23693988.12903821	1	NC_000964.3	60	60	1	R1:NC_000964.3:4215543-4215692:MAPQ60:149=
results_align_mapqfix	SRR23693988.31196070	1	NC_000964.3	60	60	1	R2:NC_000964.3:4215545-4215695:MAPQ60:81=1X68=
results_align_mapqfix	SRR23693988.23223888	2	NC_000964.3	60	60	1	R1:NC_000964.3:4215546-4215665:MAPQ60:119=;R2:NC_000964.3:4215546-4215665:MAPQ60:119=
results_align_mapqfix	SRR23693988.324279	1	NC_000964.3	60	60	1	R2:NC_000964.3:4215547-4215695:MAPQ60:148=
results_align_mapqfix	SRR23693988.23180303	1	NC_000964.3	60	60	1	R2:NC_000964.3:4215551-4215700:MAPQ60:149=
results_align_mapqfix	SRR23693988.13177014	1	NC_000964.3	60	60	1	R2:NC_000964.3:4215564-4215712:MAPQ60:148=
results_align_mapqfix	SRR23693988.11464853	2	NC_000964.3	60	60	1	R1:NC_000964.3:4215566-4215712:MAPQ60:146=;R2:NC_000964.3:4215585-4215735:MAPQ60:150=
results_align_mapqfix	SRR23693988.31619872	2	NC_000964.3	60	60	1	R2:NC_000964.3:4215566-4215691:MAPQ60:125=;R1:NC_000964.3:4215566-4215691:MAPQ60:125=
results_align_mapqfix	SRR23693988.31626693	2	NC_000964.3	60	60	1	R2:NC_000964.3:4215566-4215691:MAPQ60:125=;R1:NC_000964.3:4215566-4215691:MAPQ60:125=
results_align_mapqfix	SRR23693988.323424	1	NC_000964.3	60	60	1	R2:NC_000964.3:4215573-4215722:MAPQ60:149=
results_align_mapqfix	SRR23693988.12252043	2	NC_000964.3	60	60	1	R2:NC_000964.3:4215573-4215671:MAPQ60:98=;R1:NC_000964.3:4215573-4215671:MAPQ60:98=
results_align_mapqfix	SRR23693988.12253822	2	NC_000964.3	60	60	1	R2:NC_000964.3:4215573-4215671:MAPQ60:98=;R1:NC_000964.3:4215573-4215671:MAPQ60:98=
results_align_mapqfix	SRR23693988.3409842	1	NC_000964.3	60	60	1	R2:NC_000964.3:4215574-4215723:MAPQ60:149=
results_align_mapqfix	SRR23693988.8513126	1	NC_000964.3	60	60	1	R2:NC_000964.3:4215576-4215726:MAPQ60:150=
results_align_mapqfix	SRR23693988.14099433	2	NC_000964.3	60	60	1	R2:NC_000964.3:4215581-4215731:MAPQ60:150=;R1:NC_000964.3:4215585-4215735:MAPQ60:150=
results_align_mapqfix	SRR23693988.11539699	1	NC_000964.3	60	60	1	R2:NC_000964.3:4215585-4215735:MAPQ60:150=
results_align_mapqfix	SRR23693988.13854131	2	NC_000964.3	60	60	1	R2:NC_000964.3:4215585-4215720:MAPQ60:135=;R1:NC_000964.3:4215585-4215720:MAPQ60:135=
results_align_mapqfix	SRR23693988.16529819	1	NC_000964.3	60	60	1	R2:NC_000964.3:4215585-4215735:MAPQ60:150=
results_align_mapqfix	SRR23693988.23361779	2	NC_000964.3	60	60	1	R2:NC_000964.3:4215585-4215725:MAPQ60:140=;R1:NC_000964.3:4215585-4215725:MAPQ60:140=
results_align_mapqfix	SRR23693988.9181503	1	NC_000964.3	60	60	1	R2:NC_000964.3:4215585-4215735:MAPQ60:47=1X102=
results_align_mapqfix	SRR23693988.31351052	1	NC_000964.3	60	60	1	R2:NC_000964.3:4215585-4215735:MAPQ60:150=
results_align_mapqfix	SRR23693988.6597482	2	NC_000964.3	60	60	1	R2:NC_000964.3:4215586-4215716:MAPQ60:130=;R1:NC_000964.3:4215586-4215716:MAPQ60:130=
results_align_mapqfix	SRR23693988.8243845	1	NC_000964.3	60	60	1	R1:NC_000964.3:4215586-4215736:MAPQ60:150=
results_align_mapqfix	SRR23693988.13669658	1	NC_000964.3	60	60	1	R1:NC_000964.3:4215586-4215736:MAPQ60:150=
results_align_mapqfix	SRR23693988.20411196	2	NC_000964.3	60	60	1	R1:NC_000964.3:4215586-4215735:MAPQ60:149=1I;R2:NC_000964.3:4215588-4215737:MAPQ60:147=1X1=
results_align_mapqfix	SRR23693988.23499417	2	NC_000964.3	60	60	1	R2:NC_000964.3:4215586-4215716:MAPQ60:130=;R1:NC_000964.3:4215586-4215716:MAPQ60:130=
results_align_mapqfix	SRR23693988.23721615	2	NC_000964.3	60	60	1	R1:NC_000964.3:4215586-4215734:MAPQ60:148=;R2:NC_000964.3:4215586-4215734:MAPQ60:148=
results_align_mapqfix	SRR23693988.23721746	2	NC_000964.3	60	60	1	R1:NC_000964.3:4215586-4215734:MAPQ60:148=;R2:NC_000964.3:4215586-4215734:MAPQ60:148=
results_align_mapqfix	SRR23693988.30518368	1	NC_000964.3	60	60	1	R1:NC_000964.3:4215586-4215736:MAPQ60:150=
results_align_mapqfix	SRR23693988.81133	2	NC_000964.3	59	59	1	R1:NC_000964.3:4215587-4215700:MAPQ59:94=1X18=;R2:NC_000964.3:4215587-4215700:MAPQ59:94=1X18=
results_align_mapqfix	SRR23693988.30416102	1	NC_000964.3	60	60	1	R1:NC_000964.3:4215588-4215738:MAPQ60:150=
results_align_mapqfix	SRR23693988.14931827	1	NC_000964.3	60	60	1	R1:NC_000964.3:4215589-4215739:MAPQ60:150=
results_align_mapqfix	SRR23693988.18752004	1	NC_000964.3	60	60	1	R1:NC_000964.3:4215589-4215739:MAPQ60:150=
results_align_mapqfix	SRR23693988.5960727	1	NC_000964.3	60	60	1	R1:NC_000964.3:4215590-4215740:MAPQ60:150=
results_align_mapqfix	SRR23693988.28915624	1	NC_000964.3	60	60	1	R1:NC_000964.3:4215595-4215745:MAPQ60:150=
results_align_mapqfix	SRR23693988.700358	1	NC_000964.3	60	60	1	R1:NC_000964.3:4215597-4215747:MAPQ60:150=
results_align_mapqfix	SRR23693988.13684510	1	NC_000964.3	60	60	1	R1:NC_000964.3:4215599-4215749:MAPQ60:150=
results_align_mapqfix	SRR23693988.7935132	1	NC_000964.3	60	60	1	R2:NC_000964.3:4215600-4215750:MAPQ60:150=
results_align_mapqfix	SRR23693988.9517383	1	NC_000964.3	60	60	1	R2:NC_000964.3:4215600-4215750:MAPQ60:150=
results_align_mapqfix	SRR23693988.19173468	1	NC_000964.3	60	60	1	R1:NC_000964.3:4215600-4215750:MAPQ60:150=
results_align_mapqfix	SRR23693988.22525986	1	NC_000964.3	58	58	1	R2:NC_000964.3:4215600-4215745:MAPQ58:25=5I120=
results_align_mapqfix	SRR23693988.26838734	1	NC_000964.3	60	60	1	R1:NC_000964.3:4215600-4215750:MAPQ60:150=
results_align_mapqfix	SRR23693988.27104336	1	NC_000964.3	60	60	1	R2:NC_000964.3:4215600-4215750:MAPQ60:150=
results_align_mapqfix	SRR23693988.28212155	1	NC_000964.3	60	60	1	R2:NC_000964.3:4215600-4215750:MAPQ60:150=
results_align_mapqfix	SRR23693988.26960514	2	NC_000964.3	60	60	1	R1:NC_000964.3:4215601-4215714:MAPQ60:113=;R2:NC_000964.3:4215601-4215714:MAPQ60:113=
results_align_mapqfix	SRR23693988.2242488	2	NC_000964.3	60	60	1	R1:NC_000964.3:4215605-4215735:MAPQ60:130=;R2:NC_000964.3:4215605-4215735:MAPQ60:130=
results_align_mapqfix	SRR33305313.318179	2	NC_011916.1	56	56	1	R2:NC_011916.1:4042847-4042999:MAPQ56:1=1X1=2X2=2X2=1D1=2X2=1D134=;R1:NC_011916.1:4042865-4043007:MAPQ56:135=1X1I2=2I1=1I2=1I1=3I
results_align_mapqfix	SRR33305313.694884	2	NC_011916.1	56	56	1	R2:NC_011916.1:4042847-4042999:MAPQ56:1=1X1=2X2=2X2=1D1=2X2=1D134=;R1:NC_011916.1:4042865-4043007:MAPQ56:135=1X1I2=2I1=1I2=1I1=3I
results_align_mapqfix	SRR33305313.1120357	2	NC_011916.1	56	56	1	R2:NC_011916.1:4042847-4042999:MAPQ56:1=1X1=2X2=2X2=1D1=2X2=1D134=;R1:NC_011916.1:4042865-4043007:MAPQ56:135=1X1I2=2I1=1I2=1I1=3I
results_align_mapqfix	SRR33305313.5030454	2	NC_011916.1	56	56	1	R2:NC_011916.1:4042847-4042999:MAPQ56:1=1X1=2X2=2X2=1D1=2X2=1D134=;R1:NC_011916.1:4042865-4043007:MAPQ56:135=1X1I2=2I1=1I2=1I1=3I
results_align_mapqfix	SRR33305313.5838180	2	NC_011916.1	56	56	1	R2:NC_011916.1:4042847-4042999:MAPQ56:1=1X1=2X2=2X2=1D1=2X2=1D134=;R1:NC_011916.1:4042865-4043007:MAPQ56:135=1X1I2=2I1=1I2=1I1=3I
results_align_mapqfix	SRR33305313.10513141	2	NC_011916.1	56	56	1	R2:NC_011916.1:4042847-4042999:MAPQ56:1=1X1=2X2=2X2=1D1=2X2=1D134=;R1:NC_011916.1:4042865-4043007:MAPQ56:135=1X1I2=2I1=1I2=1I1=3I
results_align_mapqfix	SRR33305313.10882835	2	NC_011916.1	56	56	1	R2:NC_011916.1:4042847-4042999:MAPQ56:1=1X1=2X2=2X2=1D1=2X2=1D134=;R1:NC_011916.1:4042865-4043007:MAPQ56:135=1X1I2=2I1=1I2=1I1=3I
results_align_mapqfix	SRR33305313.174274	2	NC_011916.1	56	57	1	R1:NC_011916.1:4042850-4042999:MAPQ56:1=1X1=1X1=1I1=2I2=1D1=2X2=1D134=;R2:NC_011916.1:4042865-4043010:MAPQ57:135=1X1I2=2I1=1I2=1I1=1X2=
results_align_mapqfix	SRR33305313.1043859	2	NC_011916.1	56	57	1	R1:NC_011916.1:4042850-4042999:MAPQ56:1=1X1=1X1=1I1=2I2=1D1=2X2=1D134=;R2:NC_011916.1:4042865-4043010:MAPQ57:135=1X1I2=2I1=1I2=1I1=1X2=
results_align_mapqfix	SRR33305313.1090319	2	NC_011916.1	56	57	1	R1:NC_011916.1:4042850-4042999:MAPQ56:1=1X1=1X1=1I1=2I2=1D1=2X2=1D134=;R2:NC_011916.1:4042865-4043010:MAPQ57:135=1X1I2=2I1=1I2=1I1=1X2=
results_align_mapqfix	SRR33305313.1090345	2	NC_011916.1	56	57	1	R1:NC_011916.1:4042850-4042999:MAPQ56:1=1X1=1X1=1I1=2I2=1D1=2X2=1D134=;R2:NC_011916.1:4042865-4043010:MAPQ57:135=1X1I2=2I1=1I2=1I1=1X2=
results_align_mapqfix	SRR33305313.2208224	2	NC_011916.1	56	57	1	R1:NC_011916.1:4042850-4042999:MAPQ56:1=1X1=1X1=1I1=2I2=1D1=2X2=1D134=;R2:NC_011916.1:4042865-4043010:MAPQ57:135=1X1I2=2I1=1I2=1I1=1X2=
results_align_mapqfix	SRR33305313.6312509	2	NC_011916.1	56	57	1	R1:NC_011916.1:4042850-4042999:MAPQ56:1=1X1=1X1=1I1=2I2=1D1=2X2=1D134=;R2:NC_011916.1:4042865-4043010:MAPQ57:135=1X1I2=2I1=1I2=1I1=1X2=
results_align_mapqfix	SRR33305313.11912849	2	NC_011916.1	56	57	1	R1:NC_011916.1:4042850-4042999:MAPQ56:1=1X1=1X1=1I1=2I2=1D1=2X2=1D134=;R2:NC_011916.1:4042865-4043010:MAPQ57:135=1X1I2=2I1=1I2=1I1=1X2=
results_align_mapqfix	SRR33305313.13089463	2	NC_011916.1	56	57	1	R1:NC_011916.1:4042850-4042999:MAPQ56:1=1X1=1X1=1I1=2I2=1D1=2X2=1D134=;R2:NC_011916.1:4042865-4043010:MAPQ57:56=1X78=1X1I2=2I1=1I2=1I1=1X2=
results_align_mapqfix	SRR33305313.191944	1	NC_011916.1	0	0	0	R1:NC_011916.1:4042877-4043009:MAPQ0:2=1D1=2X2=1X3=1X1D1=1X1I2=4X1=1X1I2=1X2=1X4=2X1I2=1X1=1I2=2X2=1D3=1I1=2X2=2X1=1X1=1I3=1D1=1I3=1I1=2I1=1X1=1I1=2I2=1X1=1X1=2X2=2X1=1X1I3=2X1=2I2=1X1I1=1X1=1X1=1X1D3=3X1I2=2X1=1D2=1I1=1X1=2X1=2X1I1=1I1=1X1=3I3=
results_align_mapqfix	SRR33305313.1694528	1	NC_011916.1	0	0	0	R1:NC_011916.1:4042877-4043009:MAPQ0:2=1D1=2X2=1X3=1X1D1=1X1I2=4X1=1X1I2=1X2=1X4=2X1I2=1X1=1I2=2X2=1D3=1I1=2X2=2X1=1X1=1I3=1D1=1I3=1I1=2I1=1X1=1I1=2I2=1X1=1X1=2X2=2X1=1X1I3=2X1=2I2=1X1I1=1X1=1X1=1X1D3=3X1I2=2X1=1D2=1I1=1X1=2X1=2X1I1=1I1=1X1=3I3=
results_align_mapqfix	SRR33305313.1935690	1	NC_011916.1	0	0	0	R1:NC_011916.1:4042877-4043009:MAPQ0:2=1D1=2X2=1X3=1X1D1=1X1I2=4X1=1X1I2=1X2=1X4=2X1I2=1X1=1I2=2X2=1D3=1I1=2X2=2X1=1X1=1I3=1D1=1I3=1I1=2I1=1X1=1I1=2I2=1X1=1X1=2X2=2X1=1X1I3=2X1=2I2=1X1I1=1X1=1X1=1X1D3=3X1I2=2X1=1D2=1I1=1X1=2X1=2X1I1=1I1=1X1=3I3=
results_align_mapqfix	SRR33305313.1935713	1	NC_011916.1	0	0	0	R1:NC_011916.1:4042877-4043009:MAPQ0:2=1D1=2X2=1X3=1X1D1=1X1I2=4X1=1X1I2=1X2=1X4=2X1I2=1X1=1I2=2X2=1D3=1I1=2X2=2X1=1X1=1I3=1D1=1I3=1I1=2I1=1X1=1I1=2I2=1X1=1X1=2X2=2X1=1X1I3=2X1=2I2=1X1I1=1X1=1X1=1X1D3=3X1I2=2X1=1D2=1I1=1X1=2X1=2X1I1=1I1=1X1=3I3=
results_align_mapqfix	SRR33305313.4735217	1	NC_011916.1	0	0	0	R1:NC_011916.1:4042877-4043009:MAPQ0:2=1D1=2X2=1X3=1X1D1=1X1I2=4X1=1X1I2=1X2=1X4=2X1I2=1X1=1I2=2X2=1D3=1I1=2X2=2X1=1X1=1I3=1D1=1I3=1I1=2I1=1X1=1I1=2I2=1X1=1X1=2X2=2X1=1X1I3=2X1=2I2=1X1I1=1X1=1X1=1X1D3=3X1I2=2X1=1D2=1I1=1X1=2X1=2X1I1=1I1=1X1=3I3=
results_align_mapqfix	SRR33305313.4735218	1	NC_011916.1	0	0	0	R1:NC_011916.1:4042877-4043009:MAPQ0:2=1D1=2X2=1X3=1X1D1=1X1I2=4X1=1X1I2=1X2=1X4=2X1I2=1X1=1I2=2X2=1D3=1I1=2X2=2X1=1X1=1I3=1D1=1I3=1I1=2I1=1X1=1I1=2I2=1X1=1X1=2X2=2X1=1X1I3=2X1=2I2=1X1I1=1X1=1X1=1X1D3=3X1I2=2X1=1D2=1I1=1X1=2X1=2X1I1=1I1=1X1=3I3=
results_align_mapqfix	SRR33305313.5171631	1	NC_011916.1	0	0	0	R1:NC_011916.1:4042877-4043009:MAPQ0:2=1D1=2X2=1X3=1X1D1=1X1I2=4X1=1X1I2=1X2=1X4=2X1I2=1X1=1I2=2X2=1D3=1I1=2X2=2X1=1X1=1I3=1D1=1I3=1I1=2I1=1X1=1I1=2I2=1X1=1X1=2X2=2X1=1X1I3=2X1=2I2=1X1I1=1X1=1X1=1X1D3=3X1I2=2X1=1D2=1I1=1X1=2X1=2X1I1=1I1=1X1=3I3=
results_align_mapqfix	SRR33305313.5286453	1	NC_011916.1	0	0	0	R1:NC_011916.1:4042877-4043009:MAPQ0:2=1D1=2X2=1X3=1X1D1=1X1I2=4X1=1X1I2=1X2=1X4=2X1I2=1X1=1I2=2X2=1D3=1I1=2X2=2X1=1X1=1I3=1D1=1I3=1I1=2I1=1X1=1I1=2I2=1X1=1X1=2X2=2X1=1X1I3=2X1=2I2=1X1I1=1X1=1X1=1X1D3=3X1I2=2X1=1D2=1I1=1X1=2X1=2X1I1=1I1=1X1=3I3=
results_align_mapqfix	SRR33305313.6527049	1	NC_011916.1	0	0	0	R1:NC_011916.1:4042877-4043009:MAPQ0:2=1D1=2X2=1X3=1X1D1=1X1I2=4X1=1X1I2=1X2=1X4=2X1I2=1X1=1I2=2X2=1D3=1I1=2X2=2X1=1X1=1I3=1D1=1I3=1I1=2I1=1X1=1I1=2I2=1X1=1X1=2X2=2X1=1X1I3=2X1=2I2=1X1I1=1X1=1X1=1X1D3=3X1I2=2X1=1D2=1I1=1X1=2X1=2X1I1=1I1=1X1=3I3=
results_align_mapqfix	SRR33305313.6553588	1	NC_011916.1	0	0	0	R1:NC_011916.1:4042877-4043009:MAPQ0:2=1D1=2X2=1X3=1X1D1=1X1I2=4X1=1X1I2=1X2=1X4=2X1I2=1X1=1I2=2X2=1D3=1I1=2X2=2X1=1X1=1I3=1D1=1I3=1I1=2I1=1X1=1I1=2I2=1X1=1X1=2X2=2X1=1X1I3=2X1=2I2=1X1I1=1X1=1X1=1X1D3=3X1I2=2X1=1D2=1I1=1X1=2X1=2X1I1=1I1=1X1=3I3=
results_align_mapqfix	SRR33305313.7529606	1	NC_011916.1	0	0	0	R1:NC_011916.1:4042877-4043009:MAPQ0:2=1D1=2X2=1X3=1X1D1=1X1I2=4X1=1X1I2=1X2=1X4=2X1I2=1X1=1I2=2X2=1D3=1I1=2X2=2X1=1X1=1I3=1D1=1I3=1I1=2I1=1X1=1I1=2I2=1X1=1X1=2X2=2X1=1X1I3=2X1=2I2=1X1I1=1X1=1X1=1X1D3=3X1I2=2X1=1D2=1I1=1X1=2X1=2X1I1=1I1=1X1=3I3=
results_align_mapqfix	SRR33305313.7811864	1	NC_011916.1	0	0	0	R1:NC_011916.1:4042877-4043009:MAPQ0:2=1D1=2X2=1X3=1X1D1=1X1I2=4X1=1X1I2=1X2=1X4=2X1I2=1X1=1I2=2X2=1D3=1I1=2X2=2X1=1X1=1I3=1D1=1I3=1I1=2I1=1X1=1I1=2I2=1X1=1X1=2X2=2X1=1X1I3=2X1=2I2=1X1I1=1X1=1X1=1X1D3=3X1I2=2X1=1D2=1I1=1X1=2X1=2X1I1=1I1=1X1=3I3=
results_align_mapqfix	SRR33305313.8270439	1	NC_011916.1	0	0	0	R1:NC_011916.1:4042877-4043009:MAPQ0:2=1D1=2X2=1X3=1X1D1=1X1I2=4X1=1X1I2=1X2=1X4=2X1I2=1X1=1I2=2X2=1D3=1I1=2X2=2X1=1X1=1I3=1D1=1I3=1I1=2I1=1X1=1I1=2I2=1X1=1X1=2X2=2X1=1X1I3=2X1=2I2=1X1I1=1X1=1X1=1X1D3=3X1I2=2X1=1D2=1I1=1X1=2X1=2X1I1=1I1=1X1=3I3=
results_align_mapqfix	SRR33305313.9306341	1	NC_011916.1	0	0	0	R1:NC_011916.1:4042877-4043009:MAPQ0:2=1D1=2X2=1X3=1X1D1=1X1I2=4X1=1X1I2=1X2=1X4=2X1I2=1X1=1I2=2X2=1D3=1I1=2X2=2X1=1X1=1I3=1D1=1I3=1I1=2I1=1X1=1I1=2I2=1X1=1X1=2X2=2X1=1X1I3=2X1=2I2=1X1I1=1X1=1X1=1X1D3=3X1I2=2X1=1D2=1I1=1X1=2X1=2X1I1=1I1=1X1=3I3=
results_align_mapqfix	SRR33305313.11341370	1	NC_011916.1	0	0	0	R1:NC_011916.1:4042877-4043009:MAPQ0:2=1D1=2X2=1X3=1X1D1=1X1I2=4X1=1X1I2=1X2=1X4=2X1I2=1X1=1I2=2X2=1D3=1I1=2X2=2X1=1X1=1I3=1D1=1I3=1I1=2I1=1X1=1I1=2I2=1X1=1X1=2X2=2X1=1X1I3=2X1=2I2=1X1I1=1X1=1X1=1X1D3=3X1I2=2X1=1D2=1I1=1X1=2X1=2X1I1=1I1=1X1=3I3=
results_align_mapqfix	SRR33305313.11475908	1	NC_011916.1	0	0	0	R1:NC_011916.1:4042877-4043009:MAPQ0:2=1D1=2X2=1X3=1X1D1=1X1I2=4X1=1X1I2=1X2=1X4=2X1I2=1X1=1I2=2X2=1D3=1I1=2X2=2X1=1X1=1I3=1D1=1I3=1I1=2I1=1X1=1I1=2I2=1X1=1X1=2X2=2X1=1X1I3=2X1=2I2=1X1I1=1X1=1X1=1X1D3=3X1I2=2X1=1D2=1I1=1X1=2X1=2X1I1=1I1=1X1=3I3=
results_align_mapqfix	SRR33305313.11512147	1	NC_011916.1	0	0	0	R1:NC_011916.1:4042877-4043009:MAPQ0:2=1D1=2X2=1X3=1X1D1=1X1I2=4X1=1X1I2=1X2=1X4=2X1I2=1X1=1I2=2X2=1D3=1I1=2X2=2X1=1X1=1I3=1D1=1I3=1I1=2I1=1X1=1I1=2I2=1X1=1X1=2X2=2X1=1X1I3=2X1=2I2=1X1I1=1X1=1X1=1X1D3=3X1I2=2X1=1D2=1I1=1X1=2X1=2X1I1=1I1=1X1=3I3=
results_align_mapqfix	SRR33305313.12127660	1	NC_011916.1	0	0	0	R1:NC_011916.1:4042877-4043009:MAPQ0:2=1D1=2X2=1X3=1X1D1=1X1I2=4X1=1X1I2=1X2=1X4=2X1I2=1X1=1I2=2X2=1D3=1I1=2X2=2X1=1X1=1I3=1D1=1I3=1I1=2I1=1X1=1I1=2I2=1X1=1X1=2X2=2X1=1X1I3=2X1=2I2=1X1I1=1X1=1X1=1X1D3=3X1I2=2X1=1X1=1X1=1X1=2X1=2X1I1=1I1=1X1=3I3=
results_align_mapqfix	SRR33305313.13533947	1	NC_011916.1	0	0	0	R1:NC_011916.1:4042877-4043009:MAPQ0:2=1D1=2X2=1X3=1X1D1=1X1I2=4X1=1X1I2=1X2=1X4=2X1I2=1X1=1I2=2X2=1D3=1I1=2X2=2X1=1X1=1I3=1D1=1I3=1I1=2I1=1X1=1I1=2I2=1X1=1X1=2X2=2X1=1X1I3=2X1=2I2=1X1I1=1X1=1X1=1X1D3=3X1I2=2X1=1D2=1I1=1X1=2X1=2X1I1=1I1=1X1=3I3=
results_align_mapqfix	SRR33305313.365588	1	NC_011916.1	7	7	0	R1:NC_011916.1:4042922-4043045:MAPQ7:1=3X2=1I1=1X5=3I2=2X2=1X2=1X1=1X1=1X1=1X1=1D1=1D4=3X1I2=1X1=1D1=1I3=2I2=1I2=1X2=1X3=2I1=1I2=3X1I1=1I1=2I1=1I2=5I1=1I15=1D2=1X1=1D2=1D3=1I6=1I1=2X1I1=1I1=1I2=2X1=1I2=1I1=2I3=1I2=
results_align_mapqfix	SRR33305313.1096032	1	NC_011916.1	7	7	0	R1:NC_011916.1:4042922-4043045:MAPQ7:1=3X2=1I1=1X5=3I2=2X2=1X2=1X1=1X1=1X1=1X1=1D1=1D4=3X1I2=1X1=1D1=1I3=2I2=1I2=1X2=1X3=2I1=1I2=3X1I1=1I1=2I1=1I2=5I1=1I15=1D2=1X1=1D2=1D3=1I6=1I1=2X1I1=1I1=1I2=2X1=1I2=1I1=2I3=1I2=
results_align_mapqfix	SRR33305313.1873197	1	NC_011916.1	7	7	0	R1:NC_011916.1:4042922-4043045:MAPQ7:1=3X2=1I1=1X5=3I2=2X2=1X2=1X1=1X1=1X1=1X1=1D1=1D4=3X1I2=1X1=1D1=1I3=2I2=1I2=1X2=1X3=2I1=1I2=3X1I1=1I1=2I1=1I2=5I1=1I15=1D2=1X1=1D2=1D3=1I6=1I1=2X1I1=1I1=1I2=2X1=1I2=1I1=2I3=1I2=
results_align_mapqfix	SRR33305313.6205394	1	NC_011916.1	7	7	0	R1:NC_011916.1:4042922-4043045:MAPQ7:1=3X2=1I1=1X5=3I2=2X2=1X2=1X1=1X1=1X1=1X1=1D1=1D4=3X1I2=1X1=1D1=1I3=2I2=1I2=1X2=1X3=2I1=1I2=3X1I1=1I1=2I1=1I2=5I1=1I15=1D2=1X1=1D2=1D3=1I6=1I1=2X1I1=1I1=1I2=2X1=1I2=1I1=2I3=1I2=
results_align_mapqfix	SRR33305313.8045327	1	NC_011916.1	5	5	0	R1:NC_011916.1:4042922-4043045:MAPQ5:1=3X2=1I1=1X3=1X1=3I2=2X2=1X2=1X1=1X1=1X1=1X1=1D1=1D4=3X1I2=1X1=1D1=1I3=2I2=1I2=1X2=1X3=2I1=1I2=3X1I1=1I1=2I1=1I2=5I1=1I15=1D2=1X1=1D2=1D3=1I6=1I1=2X1I1=1I1=1I2=2X1=1I2=1I1=2I3=1I2=
results_align_mapqfix	SRR33305313.8466183	1	NC_011916.1	7	7	0	R1:NC_011916.1:4042922-4043045:MAPQ7:1=3X2=1I1=1X5=3I2=2X2=1X2=1X1=1X1=1X1=1X1=1D1=1D4=3X1I2=1X1=1D1=1I3=2I2=1I2=1X2=1X3=2I1=1I2=3X1I1=1I1=2I1=1I2=5I1=1I15=1D2=1X1=1D2=1D3=1I6=1I1=2X1I1=1I1=1I2=2X1=1I2=1I1=2I3=1I2=
results_align_mapqfix	SRR33305313.8627250	1	NC_011916.1	0	0	0	R1:NC_011916.1:4042922-4043045:MAPQ0:1=3X2=1I1=1X2=1X2=3I2=2X2=1X2=1X1=1X1=1X1=1X1=1D1=1D4=3X1I2=1X1=1D1=1I3=2I2=1I2=1X2=1X3=2I1=1I2=3X1I1=1I1=2I1=1I2=5I1=1I15=1D2=1X1=1D2=1D3=1I6=1I1=2X1I1=1I1=1I2=2X1=1I1=1X1I1=2I3=1I2=
results_align_mapqfix	SRR33305313.8651873	1	NC_011916.1	7	7	0	R1:NC_011916.1:4042922-4043045:MAPQ7:1=3X2=1I1=1X5=3I2=2X2=1X2=1X1=1X1=1X1=1X1=1D1=1D4=3X1I2=1X1=1D1=1I3=2I2=1I2=1X2=1X3=2I1=1I2=3X1I1=1I1=2I1=1I2=5I1=1I15=1D2=1X1=1D2=1D3=1I6=1I1=2X1I1=1I1=1I2=2X1=1I2=1I1=2I3=1I2=
results_align_mapqfix	SRR33305313.12132429	1	NC_011916.1	5	5	0	R1:NC_011916.1:4042922-4043045:MAPQ5:1=3X2=1I1=1X5=3I2=2X1=2X2=1X1=1X1=1X1=1X1=1D1=1D4=3X1I2=1X1=1D1=1I3=2I2=1I2=1X2=1X3=2I1=1I2=3X1I1=1I1=2I1=1I2=5I1=1I15=1D2=1X1=1D2=1D3=1I6=1I1=2X1I1=1I1=1I2=2X1=1I2=1I1=2I3=1I2=
results_align_mapqfix	SRR10059464.14631942	1	NC_000913.3	60	60	1	R1:NC_000913.3:4641616-4641667:MAPQ60:51=
results_align_mapqfix	SRR10059464.7876028	1	NC_000913.3	60	60	1	R1:NC_000913.3:4641626-4641677:MAPQ60:51=
results_align_mapqfix	SRR10059464.19048052	1	NC_000913.3	59	59	1	R1:NC_000913.3:4641627-4641678:MAPQ59:45=1X5=
results_align_mapqfix	SRR10059464.19082743	1	NC_000913.3	59	59	1	R1:NC_000913.3:4641627-4641678:MAPQ59:45=1X5=
results_align_mapqfix	SRR10059464.24092249	1	NC_000913.3	59	59	1	R1:NC_000913.3:4641627-4641678:MAPQ59:14=1X36=
results_align_mapqfix	SRR10059464.1561839	1	NC_000913.3	60	60	1	R1:NC_000913.3:4641628-4641679:MAPQ60:51=
results_align_mapqfix	SRR10059464.10475371	1	NC_000913.3	60	60	1	R2:NC_000913.3:4641629-4641680:MAPQ60:51=
results_align_mapqfix	SRR10059464.19831626	1	NC_000913.3	60	60	1	R2:NC_000913.3:4641643-4641694:MAPQ60:51=
results_align_mapqfix	SRR10377454.885776	2	NC_008596.1	60	60	1	R1:NC_008596.1:6988061-6988211:MAPQ60:150=;R2:NC_008596.1:6988118-6988268:MAPQ60:150=
results_align_mapqfix	SRR10377454.30050954	2	NC_008596.1	60	60	1	R1:NC_008596.1:6988061-6988211:MAPQ60:150=;R2:NC_008596.1:6988118-6988268:MAPQ60:150=
results_align_mapqfix	SRR10377454.750176	2	NC_008596.1	60	60	1	R2:NC_008596.1:6988062-6988212:MAPQ60:150=;R1:NC_008596.1:6988080-6988230:MAPQ60:150=
results_align_mapqfix	SRR10377454.1999223	2	NC_008596.1	60	60	1	R2:NC_008596.1:6988062-6988212:MAPQ60:150=;R1:NC_008596.1:6988084-6988234:MAPQ60:150=
results_align_mapqfix	SRR10377454.5677050	2	NC_008596.1	60	60	1	R2:NC_008596.1:6988062-6988212:MAPQ60:150=;R1:NC_008596.1:6988152-6988302:MAPQ60:150=
results_align_mapqfix	SRR10377454.5677871	2	NC_008596.1	60	60	1	R2:NC_008596.1:6988062-6988212:MAPQ60:150=;R1:NC_008596.1:6988152-6988302:MAPQ60:150=
results_align_mapqfix	SRR10377454.6219621	2	NC_008596.1	60	60	1	R2:NC_008596.1:6988062-6988212:MAPQ60:150=;R1:NC_008596.1:6988157-6988307:MAPQ60:150=
results_align_mapqfix	SRR10377454.12049528	2	NC_008596.1	60	60	1	R2:NC_008596.1:6988062-6988212:MAPQ60:150=;R1:NC_008596.1:6988080-6988230:MAPQ60:150=
results_align_mapqfix	SRR10377454.13476544	2	NC_008596.1	60	60	1	R1:NC_008596.1:6988062-6988212:MAPQ60:150=;R2:NC_008596.1:6988086-6988236:MAPQ60:150=
results_align_mapqfix	SRR10377454.15348996	2	NC_008596.1	58	60	1	R2:NC_008596.1:6988062-6988212:MAPQ58:65=1X21=1X14=1X4=1X20=1X1=1X19=;R1:NC_008596.1:6988152-6988302:MAPQ60:150=
results_align_mapqfix	SRR10377454.16922933	2	NC_008596.1	60	60	1	R1:NC_008596.1:6988062-6988212:MAPQ60:150=;R2:NC_008596.1:6988086-6988236:MAPQ60:150=
results_align_mapqfix	SRR10377454.19836590	2	NC_008596.1	60	60	1	R2:NC_008596.1:6988062-6988212:MAPQ60:150=;R1:NC_008596.1:6988157-6988307:MAPQ60:150=
results_align_mapqfix	SRR10377454.19897081	2	NC_008596.1	60	60	1	R2:NC_008596.1:6988062-6988212:MAPQ60:150=;R1:NC_008596.1:6988084-6988234:MAPQ60:150=
results_align_mapqfix	SRR10377454.19897167	2	NC_008596.1	60	60	1	R2:NC_008596.1:6988062-6988212:MAPQ60:71=1X78=;R1:NC_008596.1:6988084-6988234:MAPQ60:150=
results_align_mapqfix	SRR10377454.27127074	2	NC_008596.1	60	60	1	R2:NC_008596.1:6988062-6988212:MAPQ60:1X149=;R1:NC_008596.1:6988069-6988219:MAPQ60:150=
results_align_mapqfix	SRR10377454.30988123	1	NC_008596.1	58	58	1	R2:NC_008596.1:6988062-6988211:MAPQ58:140=1X1D2=1X2=1I2=1I
results_align_mapqfix	SRR10377454.13139467	1	NC_008596.1	59	59	1	R2:NC_008596.1:6988062-6988212:MAPQ59:19=1X2=1X127=
results_align_mapqfix	SRR10377454.13140655	1	NC_008596.1	60	60	1	R2:NC_008596.1:6988062-6988212:MAPQ60:15=1X134=
results_align_mapqfix	SRR10377454.6358197	2	NC_008596.1	60	60	1	R2:NC_008596.1:6988063-6988213:MAPQ60:150=;R1:NC_008596.1:6988079-6988229:MAPQ60:150=
results_align_mapqfix	SRR10377454.12688791	1	NC_008596.1	58	58	1	R2:NC_008596.1:6988063-6988212:MAPQ58:139=1X1D2=1X2=1I2=1I1=
results_align_mapqfix	SRR10377454.20741843	2	NC_008596.1	59	60	1	R2:NC_008596.1:6988063-6988213:MAPQ59:18=1X28=1X102=;R1:NC_008596.1:6988110-6988260:MAPQ60:150=
results_align_mapqfix	SRR10377454.28836921	2	NC_008596.1	59	60	1	R2:NC_008596.1:6988063-6988213:MAPQ60:150=;R1:NC_008596.1:6988152-6988302:MAPQ59:24=1X10=1X53=1X60=
results_align_mapqfix	SRR10377454.1993770	2	NC_008596.1	60	60	1	R1:NC_008596.1:6988064-6988214:MAPQ60:150=;R2:NC_008596.1:6988186-6988336:MAPQ60:150=
results_align_mapqfix	SRR10377454.3992036	2	NC_008596.1	60	60	1	R1:NC_008596.1:6988064-6988214:MAPQ60:150=;R2:NC_008596.1:6988186-6988336:MAPQ60:150=
results_align_mapqfix	SRR10377454.21096031	2	NC_008596.1	60	60	1	R2:NC_008596.1:6988064-6988214:MAPQ60:150=;R1:NC_008596.1:6988143-6988293:MAPQ60:150=
results_align_mapqfix	SRR10377454.647648	2	NC_008596.1	56	60	1	R2:NC_008596.1:6988065-6988215:MAPQ56:26=1X31=1X5=1X29=1X7=1X15=1X8=1X2=1D2=1I11=1X1=1X3=;R1:NC_008596.1:6988131-6988281:MAPQ60:150=
results_align_mapqfix	SRR10377454.3227052	2	NC_008596.1	60	60	1	R2:NC_008596.1:6988065-6988215:MAPQ60:150=;R1:NC_008596.1:6988131-6988281:MAPQ60:150=
results_align_mapqfix	SRR10377454.14591006	2	NC_008596.1	60	60	1	R1:NC_008596.1:6988065-6988215:MAPQ60:133=1X16=;R2:NC_008596.1:6988116-6988266:MAPQ60:40=1X109=
results_align_mapqfix	SRR10377454.12518677	1	NC_008596.1	60	60	1	R1:NC_008596.1:6988067-6988217:MAPQ60:150=
results_align_mapqfix	SRR10377454.12519332	1	NC_008596.1	60	60	1	R1:NC_008596.1:6988067-6988217:MAPQ60:150=
results_align_mapqfix	SRR10377454.14637084	2	NC_008596.1	60	60	1	R1:NC_008596.1:6988067-6988217:MAPQ60:150=;R2:NC_008596.1:6988077-6988227:MAPQ60:150=
results_align_mapqfix	SRR10377454.26396504	2	NC_008596.1	60	60	1	R1:NC_008596.1:6988067-6988217:MAPQ60:150=;R2:NC_008596.1:6988126-6988276:MAPQ60:150=
results_align_mapqfix	SRR10377454.27323396	1	NC_008596.1	60	60	1	R1:NC_008596.1:6988067-6988217:MAPQ60:150=
results_align_mapqfix	SRR10377454.5531670	1	NC_008596.1	60	60	1	R1:NC_008596.1:6988068-6988218:MAPQ60:150=
results_align_mapqfix	SRR10377454.6657960	1	NC_008596.1	60	60	1	R2:NC_008596.1:6988068-6988218:MAPQ60:150=
results_align_mapqfix	SRR10377454.12810434	1	NC_008596.1	60	60	1	R1:NC_008596.1:6988068-6988218:MAPQ60:150=
results_align_mapqfix	SRR10377454.13523727	1	NC_008596.1	60	60	1	R2:NC_008596.1:6988068-6988218:MAPQ60:4=1X145=
results_align_mapqfix	SRR10377454.15803789	1	NC_008596.1	60	60	1	R1:NC_008596.1:6988068-6988218:MAPQ60:82=1X67=
results_align_mapqfix	SRR10377454.17678721	1	NC_008596.1	60	60	1	R2:NC_008596.1:6988068-6988218:MAPQ60:11=1X138=
results_align_mapqfix	SRR10377454.17678886	1	NC_008596.1	60	60	1	R2:NC_008596.1:6988068-6988218:MAPQ60:150=
results_align_mapqfix	SRR10377454.18706375	2	NC_008596.1	58	59	1	R2:NC_008596.1:6988068-6988219:MAPQ58:2=1I2=1X1D1=1D143=;R1:NC_008596.1:6988075-6988223:MAPQ59:144=1X2=2I1=
results_align_mapqfix	SRR10377454.18707208	2	NC_008596.1	58	59	1	R2:NC_008596.1:6988068-6988219:MAPQ58:2=1I2=1X1D1=1D143=;R1:NC_008596.1:6988075-6988223:MAPQ59:144=1X2=2I1=
results_align_mapqfix	SRR10377454.18882091	1	NC_008596.1	60	60	1	R1:NC_008596.1:6988068-6988218:MAPQ60:150=
results_align_mapqfix	SRR10377454.18885708	1	NC_008596.1	60	60	1	R1:NC_008596.1:6988068-6988218:MAPQ60:58=1X91=
results_align_mapqfix	SRR10377454.20895240	1	NC_008596.1	60	60	1	R1:NC_008596.1:6988068-6988218:MAPQ60:150=
results_align_mapqfix	SRR10377454.23432102	2	NC_008596.1	60	60	1	R2:NC_008596.1:6988068-6988218:MAPQ60:1X149=;R1:NC_008596.1:6988069-6988218:MAPQ60:149=1I
results_align_mapqfix	SRR10377454.23436290	2	NC_008596.1	60	60	1	R2:NC_008596.1:6988068-6988218:MAPQ60:1X149=;R1:NC_008596.1:6988069-6988218:MAPQ60:149=1I
results_align_mapqfix	SRR10377454.24025555	1	NC_008596.1	60	60	1	R1:NC_008596.1:6988068-6988218:MAPQ60:150=
results_align_mapqfix	SRR10377454.28382776	1	NC_008596.1	60	60	1	R1:NC_008596.1:6988068-6988218:MAPQ60:150=
results_align_mapqfix	SRR10377454.30541099	1	NC_008596.1	60	60	1	R1:NC_008596.1:6988068-6988218:MAPQ60:150=
results_align_mapqfix	SRR10377454.5300545	1	NC_008596.1	56	56	1	R2:NC_008596.1:6988069-6988213:MAPQ56:133=1X1D2=1X2=1I2=1I1=3I1=2I
results_align_mapqfix	SRR10377454.7078740	2	NC_008596.1	60	60	1	R1:NC_008596.1:6988069-6988219:MAPQ60:150=;R2:NC_008596.1:6988117-6988267:MAPQ60:150=
results_align_mapqfix	SRR10377454.7079538	2	NC_008596.1	60	60	1	R1:NC_008596.1:6988069-6988219:MAPQ60:150=;R2:NC_008596.1:6988117-6988267:MAPQ60:150=
results_align_mapqfix	SRR10377454.11339021	1	NC_008596.1	55	55	1	R1:NC_008596.1:6988069-6988214:MAPQ55:128=1I2=1I2=3X2=1X1=1D1=1X1=2I1=1I1=1I
results_align_mapqfix	SRR10377454.15133690	1	NC_008596.1	56	56	1	R2:NC_008596.1:6988069-6988213:MAPQ56:115=1X17=1X1D2=1X2=1I2=1I1=3I1=2I
results_align_mapqfix	SRR10377454.18727685	2	NC_008596.1	58	60	1	R1:NC_008596.1:6988069-6988219:MAPQ60:110=1X39=;R2:NC_008596.1:6988191-6988341:MAPQ58:4=1X31=1X28=1X13=1X5=1X64=
results_align_mapqfix	SRR10377454.19952528	1	NC_008596.1	56	56	1	R1:NC_008596.1:6988069-6988211:MAPQ56:133=1X2I1=1I1=1I1=2X1I1=1I1=1I1=1I
results_align_mapqfix	SRR10377454.19976957	1	NC_008596.1	56	56	1	R1:NC_008596.1:6988069-6988211:MAPQ56:133=1X2I1=1I1=1I1=2X1I1=1I1=1I1=1I
results_align_mapqfix	SRR10377454.20077343	1	NC_008596.1	55	55	1	R1:NC_008596.1:6988069-6988211:MAPQ55:1X132=1X2I1=1I1=1I1=2X1I1=1I1=1I1=1I
results_align_mapqfix	SRR10377454.22089876	2	NC_008596.1	60	60	1	R1:NC_008596.1:6988069-6988219:MAPQ60:150=;R2:NC_008596.1:6988191-6988341:MAPQ60:1X149=
results_align_mapqfix	SRR10377454.26246725	1	NC_008596.1	55	55	1	R2:NC_008596.1:6988069-6988213:MAPQ55:110=1X4=1X17=1X1D2=1X2=1I2=1I1=3I1=2I
results_align_mapqfix	SRR10377454.31185522	1	NC_008596.1	55	55	1	R2:NC_008596.1:6988069-6988210:MAPQ55:127=1X2=1I2=3X2=1I1=2I2=3I1=2I
results_align_mapqfix	SRR10377454.31566620	1	NC_008596.1	56	56	1	R2:NC_008596.1:6988069-6988213:MAPQ56:133=1X1D2=1X2=1I2=1I1=3I1=2I
results_align_mapqfix	SRR10377454.1800401	1	NC_008596.1	56	56	1	R2:NC_008596.1:6988069-6988219:MAPQ56:2=1X5=1X30=1X3=2X7=1X14=1X2=1X69=1X9=
results_align_mapqfix	SRR10377454.3766337	1	NC_008596.1	60	60	1	R2:NC_008596.1:6988069-6988219:MAPQ60:111=1X38=
results_align_mapqfix	SRR10377454.4053472	1	NC_008596.1	60	60	1	R2:NC_008596.1:6988069-6988219:MAPQ60:150=
results_align_mapqfix	SRR10377454.7269797	1	NC_008596.1	60	60	1	R1:NC_008596.1:6988069-6988219:MAPQ60:86=1X63=
results_align_mapqfix	SRR10377454.13970111	1	NC_008596.1	60	60	1	R1:NC_008596.1:6988069-6988219:MAPQ60:150=
results_align_mapqfix	SRR10377454.13970452	1	NC_008596.1	60	60	1	R1:NC_008596.1:6988069-6988219:MAPQ60:150=
results_align_mapqfix	SRR10377454.18474765	1	NC_008596.1	60	60	1	R2:NC_008596.1:6988069-6988219:MAPQ60:150=
results_align_mapqfix	SRR10377454.18875444	1	NC_008596.1	60	60	1	R1:NC_008596.1:6988069-6988219:MAPQ60:150=
results_align_mapqfix	SRR10377454.21729942	1	NC_008596.1	60	60	1	R1:NC_008596.1:6988069-6988219:MAPQ60:150=
results_align_mapqfix	SRR10377454.22737481	1	NC_008596.1	60	60	1	R2:NC_008596.1:6988069-6988219:MAPQ60:150=
results_align_mapqfix	SRR10377454.31607961	1	NC_008596.1	60	60	1	R1:NC_008596.1:6988069-6988219:MAPQ60:150=
results_align_mapqfix	SRR10377454.32331325	1	NC_008596.1	60	60	1	R1:NC_008596.1:6988069-6988219:MAPQ60:150=
results_align_mapqfix	SRR10377454.22326428	2	NC_008596.1	60	60	1	R1:NC_008596.1:6988070-6988220:MAPQ60:150=;R2:NC_008596.1:6988130-6988280:MAPQ60:50=1X99=
results_align_mapqfix	SRR10377454.2618393	1	NC_008596.1	60	60	1	R1:NC_008596.1:6988070-6988220:MAPQ60:150=
results_align_mapqfix	SRR10377454.5536313	1	NC_008596.1	56	56	1	R1:NC_008596.1:6988071-6988219:MAPQ56:86=1X45=1X2=1X2=1I2=1I1=6X1=
results_align_mapqfix	SRR10377454.5545492	1	NC_008596.1	56	56	1	R1:NC_008596.1:6988071-6988219:MAPQ56:86=1X45=1X2=1X2=1I2=1I1=6X1=
results_align_mapqfix	SRR10377454.11381504	2	NC_008596.1	52	60	1	R2:NC_008596.1:6988071-6988221:MAPQ52:20=1X4=1X19=1X3=1X21=1X4=1X2=2X13=1X2=1X2=1X3=1X8=1X5=2X3=1X2=1X2=1X11=1X7=;R1:NC_008596.1:6988116-6988266:MAPQ60:21=1X128=
results_align_mapqfix	SRR10377454.19163450	2	NC_008596.1	59	60	1	R2:NC_008596.1:6988071-6988221:MAPQ59:31=1X111=1X6=;R1:NC_008596.1:6988159-6988309:MAPQ60:150=
results_align_mapqfix	SRR10377454.22943260	2	NC_008596.1	59	60	1	R1:NC_008596.1:6988071-6988221:MAPQ60:150=;R2:NC_008596.1:6988121-6988271:MAPQ59:30=1X21=1X97=
results_align_mapqfix	SRR10377454.30399347	2	NC_008596.1	57	60	1	R1:NC_008596.1:6988071-6988221:MAPQ60:150=;R2:NC_008596.1:6988128-6988278:MAPQ57:5=1X1=1X3=1X11=1X52=1X35=1X15=1X21=
results_align_mapqfix	SRR10377454.30801725	1	NC_008596.1	60	60	1	R1:NC_008596.1:6988071-6988221:MAPQ60:150=
results_align_mapqfix	SRR10377454.977971	1	NC_008596.1	60	60	1	R1:NC_008596.1:6988071-6988221:MAPQ60:150=
results_align_mapqfix	SRR10377454.16066092	1	NC_008596.1	60	60	1	R1:NC_008596.1:6988071-6988221:MAPQ60:150=
results_align_mapqfix	SRR10377454.21352133	2	NC_008596.1	56	56	1	R2:NC_008596.1:6988071-6988213:MAPQ56:1=1I1=1I1=1X2=1X1I3=1X1I2=1I1=1I1=2I127=;R1:NC_008596.1:6988085-6988232:MAPQ56:128=3X1=1X1=1X2I5=1I2=1X4=
results_align_mapqfix	SRR10377454.26235905	1	NC_008596.1	60	60	1	R1:NC_008596.1:6988071-6988221:MAPQ60:150=
results_align_mapqfix	SRR10377454.31207738	1	NC_008596.1	60	60	1	R1:NC_008596.1:6988071-6988221:MAPQ60:150=
results_align_mapqfix	SRR10377454.31207826	1	NC_008596.1	60	60	1	R1:NC_008596.1:6988071-6988221:MAPQ60:150=
results_align_mapqfix	SRR10377454.13207089	1	NC_008596.1	60	60	1	R2:NC_008596.1:6988072-6988222:MAPQ60:150=
results_align_mapqfix	SRR10377454.13207175	1	NC_008596.1	58	58	1	R2:NC_008596.1:6988072-6988221:MAPQ58:132=1X6=1X6=1X2=1I
results_align_mapqfix	SRR10377454.18031363	1	NC_008596.1	59	59	1	R2:NC_008596.1:6988072-6988222:MAPQ59:48=1X55=1X10=1X34=
results_align_mapqfix	SRR10377454.18297721	2	NC_008596.1	60	60	1	R2:NC_008596.1:6988073-6988223:MAPQ60:150=;R1:NC_008596.1:6988080-6988230:MAPQ60:150=
results_align_mapqfix	SRR10377454.18298490	2	NC_008596.1	60	60	1	R2:NC_008596.1:6988073-6988223:MAPQ60:150=;R1:NC_008596.1:6988080-6988230:MAPQ60:150=
results_align_mapqfix	SRR10377454.1517317	1	NC_008596.1	60	60	1	R1:NC_008596.1:6988073-6988223:MAPQ60:150=
results_align_mapqfix	SRR10377454.3914440	2	NC_008596.1	56	56	1	R1:NC_008596.1:6988073-6988219:MAPQ56:1X1=1I1=2X3=1X1I2=1I1=1I1=1X132=;R2:NC_008596.1:6988087-6988231:MAPQ56:132=1X2=1X1=2I2=3I1=1X2=1I1=
results_align_mapqfix	SRR10377454.9739179	1	NC_008596.1	60	60	1	R1:NC_008596.1:6988073-6988223:MAPQ60:150=
results_align_mapqfix	SRR10377454.22598084	1	NC_008596.1	60	60	1	R1:NC_008596.1:6988073-6988223:MAPQ60:125=1X24=
results_align_mapqfix	SRR10377454.23004651	1	NC_008596.1	60	60	1	R1:NC_008596.1:6988073-6988223:MAPQ60:150=
results_align_mapqfix	SRR10377454.30286842	1	NC_008596.1	60	60	1	R1:NC_008596.1:6988073-6988223:MAPQ60:150=
results_align_mapqfix	SRR10377454.1442891	2	NC_008596.1	60	60	1	R1:NC_008596.1:6988074-6988224:MAPQ60:150=;R2:NC_008596.1:6988165-6988315:MAPQ60:150=
results_align_mapqfix	SRR10377454.11873331	2	NC_008596.1	60	60	1	R1:NC_008596.1:6988074-6988224:MAPQ60:150=;R2:NC_008596.1:6988165-6988315:MAPQ60:150=
results_align_mapqfix	SRR10377454.15393878	2	NC_008596.1	60	60	1	R1:NC_008596.1:6988074-6988224:MAPQ60:150=;R2:NC_008596.1:6988173-6988323:MAPQ60:128=1X21=
results_align_mapqfix	SRR10377454.22838222	2	NC_008596.1	60	60	1	R2:NC_008596.1:6988074-6988224:MAPQ60:131=1X18=;R1:NC_008596.1:6988123-6988273:MAPQ60:150=
results_align_mapqfix	SRR10377454.22838316	2	NC_008596.1	59	60	1	R2:NC_008596.1:6988074-6988224:MAPQ59:102=1X32=1X14=;R1:NC_008596.1:6988123-6988273:MAPQ60:105=1X44=
results_align_mapqfix	SRR10377454.23652585	2	NC_008596.1	60	60	1	R2:NC_008596.1:6988074-6988224:MAPQ60:150=;R1:NC_008596.1:6988130-6988280:MAPQ60:150=
results_align_mapqfix	SRR10377454.26684259	2	NC_008596.1	60	60	1	R2:NC_008596.1:6988074-6988224:MAPQ60:150=;R1:NC_008596.1:6988130-6988280:MAPQ60:150=
results_align_mapqfix	SRR10377454.28498206	2	NC_008596.1	60	60	1	R1:NC_008596.1:6988074-6988224:MAPQ60:150=;R2:NC_008596.1:6988173-6988323:MAPQ60:41=1X108=
results_align_mapqfix	SRR10377454.30941638	2	NC_008596.1	60	60	1	R1:NC_008596.1:6988074-6988224:MAPQ60:150=;R2:NC_008596.1:6988161-6988311:MAPQ60:150=
results_align_mapqfix	SRR10377454.30941818	2	NC_008596.1	60	60	1	R1:NC_008596.1:6988074-6988224:MAPQ60:150=;R2:NC_008596.1:6988161-6988311:MAPQ60:150=
results_align_mapqfix	SRR10377454.32343296	2	NC_008596.1	52	57	1	R2:NC_008596.1:6988074-6988224:MAPQ52:3=1X23=1X14=1X20=3X9=1X10=1X3=1X7=1X7=1X3=1X5=1X6=1D2=1X2=1X1=1I6=1X2=2X3=1X4=;R1:NC_008596.1:6988130-6988280:MAPQ57:3=1X11=1X11=1X1=1X50=1X14=1X49=1X4=
results_align_mapqfix	SRR10377454.5584045	1	NC_008596.1	58	58	1	R2:NC_008596.1:6988074-6988224:MAPQ58:32=2X30=1X25=1X59=
results_align_mapqfix	SRR10377454.10954974	1	NC_008596.1	60	60	1	R1:NC_008596.1:6988074-6988224:MAPQ60:150=
results_align_mapqfix	SRR10377454.13559742	2	NC_008596.1	47	48	1	R1:NC_008596.1:6988074-6988216:MAPQ48:1=1X1=1I2=1X1I2=1X1D3=1X1=1X2I2=2X1=1X1=1X1I1=1I1=1I1=1X1I1=1X1I2=1X3=1D2=1X4=3X1I2=1D2=1I90=;R2:NC_008596.1:6988126-6988272:MAPQ47:90=1X1D1=1I1=1I1=1D1=1X1=1I1=1I1=1X2=1I3=1D1=2X1D1=3X1=2X2=2X1=1I2=1X2=1X1=1D2=1I2=1X1=1D2=2X1I2=1I1=1I
results_align_mapqfix	SRR10377454.15717002	2	NC_008596.1	45	48	1	R1:NC_008596.1:6988074-6988216:MAPQ48:1=1X1=1I2=1X1I2=1X1D3=1X1=1X2I2=2X1=1X1=1X1I1=1I1=1I1=1X1I1=1X1I2=1X3=1D2=1X4=3X1I2=1D2=1I90=;R2:NC_008596.1:6988126-6988253:MAPQ45:66=1X10=1X12=1X2I1=1I1=1X2I4=2X1=3X1=1I1=2X1=1X1=1X1I1=1X2=1I1=2I1=1I1=5I1=1I5=2I2=4I
results_align_mapqfix	SRR10377454.20300167	2	NC_008596.1	47	48	1	R1:NC_008596.1:6988074-6988216:MAPQ48:1=1X1=1I2=1X1I2=1X1D3=1X1=1X2I2=2X1=1X1=1X1I1=1I1=1I1=1X1I1=1X1I2=1X3=1D2=1X4=3X1I2=1D2=1I90=;R2:NC_008596.1:6988126-6988272:MAPQ47:90=1X1D1=1I1=1I1=1D1=1X1=1I1=1I1=1X2=1I3=1D1=2X1D1=3X1=2X2=2X1=1I2=1X2=1X1=1D2=1I2=1X1=1D2=2X1I2=1I1=1I
results_align_mapqfix	SRR10377454.2078067	2	NC_008596.1	60	60	1	R2:NC_008596.1:6988076-6988226:MAPQ60:150=;R1:NC_008596.1:6988118-6988268:MAPQ60:150=
results_align_mapqfix	SRR10377454.4956641	2	NC_008596.1	58	60	1	R1:NC_008596.1:6988076-6988226:MAPQ60:150=;R2:NC_008596.1:6988149-6988299:MAPQ58:17=1X31=1X22=1X3=1X20=1X48=1X3=
results_align_mapqfix	SRR10377454.20056379	2	NC_008596.1	60	60	1	R2:NC_008596.1:6988076-6988226:MAPQ60:150=;R1:NC_008596.1:6988118-6988268:MAPQ60:150=
results_align_mapqfix	SRR10377454.20056380	2	NC_008596.1	60	60	1	R2:NC_008596.1:6988076-6988226:MAPQ60:57=1X92=;R1:NC_008596.1:6988118-6988268:MAPQ60:150=
results_align_mapqfix	SRR10377454.731355	2	NC_008596.1	60	60	1	R1:NC_008596.1:6988077-6988227:MAPQ60:150=;R2:NC_008596.1:6988167-6988317:MAPQ60:150=
results_align_mapqfix	SRR10377454.2851183	2	NC_008596.1	60	60	1	R1:NC_008596.1:6988077-6988227:MAPQ60:150=;R2:NC_008596.1:6988167-6988317:MAPQ60:150=
results_align_mapqfix	SRR10377454.10115007	2	NC_008596.1	56	57	1	R1:NC_008596.1:6988077-6988225:MAPQ56:2=1I1=3X1=1X1=1X1I1=1D1=1I3=1X131=;R2:NC_008596.1:6988094-6988243:MAPQ57:132=2X2=1X1=1X1D1=1X1=1I2=1I4=
results_align_mapqfix	SRR10377454.16368524	2	NC_008596.1	56	57	1	R1:NC_008596.1:6988077-6988225:MAPQ56:2=1I1=3X1=1X1=1X1I1=1D1=1I3=1X131=;R2:NC_008596.1:6988094-6988243:MAPQ57:132=2X2=1X1=1X1D1=1X1=1I2=1I4=
results_align_mapqfix	SRR10377454.21916531	1	NC_008596.1	57	57	1	R2:NC_008596.1:6988077-6988227:MAPQ57:7=1I1=1D38=1X10=1X24=1X7=1X52=1X5=
results_align_mapqfix	SRR10377454.13433640	1	NC_008596.1	60	60	1	R2:NC_008596.1:6988078-6988228:MAPQ60:3=1X146=
results_align_mapqfix	SRR10377454.24112107	1	NC_008596.1	60	60	1	R2:NC_008596.1:6988078-6988228:MAPQ60:150=
results_align_mapqfix	SRR10377454.24112193	1	NC_008596.1	60	60	1	R2:NC_008596.1:6988078-6988228:MAPQ60:150=
results_align_mapqfix	SRR10377454.10820950	2	NC_008596.1	57	57	1	R2:NC_008596.1:6988078-6988230:MAPQ57:1=1X1=1X1=2X1=1D2=1D3=1X136=;R1:NC_008596.1:6988094-6988237:MAPQ57:136=1X1=1I2=2I1=4I2=
results_align_mapqfix	SRR10377454.11726042	2	NC_008596.1	57	57	1	R2:NC_008596.1:6988078-6988230:MAPQ57:1=1X1=1X1=2X1=1D2=1D3=1X12=1X123=;R1:NC_008596.1:6988094-6988237:MAPQ57:136=1X1=1I2=2I1=4I2=
results_align_mapqfix	SRR10377454.12033929	2	NC_008596.1	57	57	1	R2:NC_008596.1:6988078-6988230:MAPQ57:1=1X1=1X1=2X1=1D2=1D3=1X136=;R1:NC_008596.1:6988094-6988237:MAPQ57:136=1X1=1I2=2I1=4I2=
results_align_mapqfix	SRR10377454.18365458	2	NC_008596.1	57	57	1	R2:NC_008596.1:6988078-6988230:MAPQ57:1=1X1=1X1=2X1=1D2=1D3=1X136=;R1:NC_008596.1:6988094-6988237:MAPQ57:136=1X1=1I2=2I1=4I2=
results_align_mapqfix	SRR10377454.25598744	2	NC_008596.1	57	57	1	R2:NC_008596.1:6988078-6988230:MAPQ57:1=1X1=1X1=2X1=1D2=1D3=1X136=;R1:NC_008596.1:6988094-6988237:MAPQ57:136=1X1=1I2=2I1=4I2=
results_align_mapqfix	SRR10377454.25599528	2	NC_008596.1	56	57	1	R2:NC_008596.1:6988078-6988230:MAPQ56:1=1X1=1X1=2X1=1D2=1D3=1X3=1X5=1X9=1X116=;R1:NC_008596.1:6988094-6988237:MAPQ57:136=1X1=1I2=2I1=4I2=
results_align_mapqfix	SRR10377454.4148331	2	NC_008596.1	58	60	1	R2:NC_008596.1:6988079-6988229:MAPQ58:41=1X16=1X11=1X29=2X38=1X9=;R1:NC_008596.1:6988126-6988276:MAPQ60:150=
results_align_mapqfix	SRR10377454.11428548	2	NC_008596.1	60	60	1	R2:NC_008596.1:6988079-6988229:MAPQ60:150=;R1:NC_008596.1:6988126-6988276:MAPQ60:150=
results_align_mapqfix	SRR10377454.11429626	2	NC_008596.1	60	60	1	R2:NC_008596.1:6988079-6988229:MAPQ60:150=;R1:NC_008596.1:6988126-6988276:MAPQ60:150=
results_align_mapqfix	SRR10377454.11432413	2	NC_008596.1	59	60	1	R2:NC_008596.1:6988079-6988229:MAPQ59:43=1X87=1X18=;R1:NC_008596.1:6988126-6988276:MAPQ60:150=
results_align_mapqfix	SRR10377454.17486669	2	NC_008596.1	58	60	1	R1:NC_008596.1:6988079-6988230:MAPQ60:1=1D149=;R2:NC_008596.1:6988081-6988230:MAPQ58:20=1X47=1X17=1X11=1X50=1I
results_align_mapqfix	SRR10377454.23317856	1	NC_008596.1	60	60	1	R1:NC_008596.1:6988079-6988229:MAPQ60:150=
results_align_mapqfix	SRR10377454.1731884	2	NC_008596.1	60	60	1	R1:NC_008596.1:6988080-6988230:MAPQ60:150=;R2:NC_008596.1:6988101-6988251:MAPQ60:150=
results_align_mapqfix	SRR10377454.3690459	2	NC_008596.1	60	60	1	R2:NC_008596.1:6988080-6988230:MAPQ60:150=;R1:NC_008596.1:6988121-6988271:MAPQ60:150=
results_align_mapqfix	SRR10377454.5082029	1	NC_008596.1	44	44	1	R2:NC_008596.1:6988080-6988219:MAPQ44:2=1X4=1X4=1X11=1X18=2X5=1X1=1X2=1X3=1X1=1X2=1X2=1X3=1X2=1X9=2X9=1X3=1X5=1X11=1I2=1I2=3X2=1X2=6I1=3I2=4X1=1X1=
results_align_mapqfix	SRR10377454.5610614	2	NC_008596.1	58	59	1	R2:NC_008596.1:6988080-6988230:MAPQ58:25=1X20=1X20=1D1=1X5=1I35=1X39=;R1:NC_008596.1:6988102-6988252:MAPQ59:110=1X12=1X21=1X4=
results_align_mapqfix	SRR10377454.15746183	2	NC_008596.1	60	60	1	R2:NC_008596.1:6988080-6988230:MAPQ60:150=;R1:NC_008596.1:6988116-6988266:MAPQ60:150=
results_align_mapqfix	SRR10377454.15999856	1	NC_008596.1	55	55	1	R2:NC_008596.1:6988080-6988226:MAPQ55:123=1X2=1X2=1I2=1I1=3X1=1X1I3=1I1=1X1=1X2=
results_align_mapqfix	SRR10377454.16629417	1	NC_008596.1	54	54	1	R2:NC_008596.1:6988080-6988226:MAPQ54:122=1X1D2=1X2=1I2=1I1=3X1=1X1I3=1I1=1X1=1X2=1I
results_align_mapqfix	SRR10377454.16636677	1	NC_008596.1	54	54	1	R2:NC_008596.1:6988080-6988226:MAPQ54:1X103=1X17=1X1D2=1X2=1I2=1I1=3X1=1X1I3=1I1=1X1=1X2=1I
results_align_mapqfix	SRR10377454.17454285	2	NC_008596.1	60	60	1	R1:NC_008596.1:6988080-6988230:MAPQ60:150=;R2:NC_008596.1:6988152-6988302:MAPQ60:150=
results_align_mapqfix	SRR10377454.17715114	2	NC_008596.1	60	60	1	R2:NC_008596.1:6988080-6988230:MAPQ60:150=;R1:NC_008596.1:6988084-6988234:MAPQ60:150=
results_align_mapqfix	SRR10377454.19562606	2	NC_008596.1	60	60	1	R2:NC_008596.1:6988080-6988230:MAPQ60:150=;R1:NC_008596.1:6988149-6988299:MAPQ60:150=
results_align_mapqfix	SRR10377454.19562780	2	NC_008596.1	52	60	1	R2:NC_008596.1:6988080-6988230:MAPQ52:10=1X49=1X20=1X19=1X2=1X1=1X5=1X3=1X2=1X5=2X3=1X1=1X1=1X2=1X5=2X1=2X2=;R1:NC_008596.1:6988149-6988299:MAPQ60:150=
results_align_mapqfix	SRR10377454.19904246	1	NC_008596.1	52	52	1	R1:NC_008596.1:6988080-6988225:MAPQ52:116=1X2=1I2=3X2=1X1=1D1=1X1=2X1=1X1=1D1=3I1=1X1I2=1I2=1I
results_align_mapqfix	SRR10377454.19974965	1	NC_008596.1	52	52	1	R1:NC_008596.1:6988080-6988225:MAPQ52:116=1X2=1I2=3X2=1X1=1D1=1X1=2X1=1X1=1D1=3I1=1X1I2=1I2=1I
results_align_mapqfix	SRR10377454.20297924	2	NC_008596.1	60	60	1	R2:NC_008596.1:6988080-6988230:MAPQ60:150=;R1:NC_008596.1:6988173-6988323:MAPQ60:150=
results_align_mapqfix	SRR10377454.20903547	2	NC_008596.1	57	60	1	R1:NC_008596.1:6988080-6988230:MAPQ60:110=1X39=;R2:NC_008596.1:6988101-6988251:MAPQ57:6=1X4=1X47=1X23=1X18=1X7=1X15=1X23=
results_align_mapqfix	SRR10377454.22106319	2	NC_008596.1	60	60	1	R2:NC_008596.1:6988080-6988230:MAPQ60:130=1X19=;R1:NC_008596.1:6988149-6988299:MAPQ60:150=
results_align_mapqfix	SRR10377454.23086926	2	NC_008596.1	60	60	1	R2:NC_008596.1:6988080-6988230:MAPQ60:150=;R1:NC_008596.1:6988102-6988252:MAPQ60:150=
results_align_mapqfix	SRR10377454.24872572	2	NC_008596.1	60	60	1	R2:NC_008596.1:6988080-6988230:MAPQ60:120=1X29=;R1:NC_008596.1:6988150-6988300:MAPQ60:50=1X99=
results_align_mapqfix	SRR10377454.25421511	1	NC_008596.1	52	52	1	R1:NC_008596.1:6988080-6988225:MAPQ52:116=1X2=1I2=3X2=1X1=1D1=1X1=2X1=1X1=1D1=3I1=1X1I2=1I2=1I
results_align_mapqfix	SRR10377454.26426032	2	NC_008596.1	60	60	1	R1:NC_008596.1:6988080-6988230:MAPQ60:150=;R2:NC_008596.1:6988159-6988309:MAPQ60:150=
results_align_mapqfix	SRR10377454.26428545	2	NC_008596.1	60	60	1	R1:NC_008596.1:6988080-6988230:MAPQ60:150=;R2:NC_008596.1:6988159-6988309:MAPQ60:49=1X100=
results_align_mapqfix	SRR10377454.26708005	1	NC_008596.1	60	60	1	R2:NC_008596.1:6988080-6988230:MAPQ60:150=
results_align_mapqfix	SRR10377454.30070284	2	NC_008596.1	60	60	1	R2:NC_008596.1:6988080-6988230:MAPQ60:109=1X40=;R1:NC_008596.1:6988084-6988234:MAPQ60:150=
results_align_mapqfix	SRR10377454.30939662	2	NC_008596.1	60	60	1	R2:NC_008596.1:6988080-6988230:MAPQ60:150=;R1:NC_008596.1:6988102-6988252:MAPQ60:150=
results_align_mapqfix	SRR10377454.1801833	1	NC_008596.1	60	60	1	R1:NC_008596.1:6988080-6988230:MAPQ60:150=
results_align_mapqfix	SRR10377454.5127329	1	NC_008596.1	60	60	1	R2:NC_008596.1:6988080-6988230:MAPQ60:150=
results_align_mapqfix	SRR10377454.6758934	1	NC_008596.1	60	60	1	R2:NC_008596.1:6988080-6988230:MAPQ60:150=
results_align_mapqfix	SRR10377454.24829243	1	NC_008596.1	59	59	1	R2:NC_008596.1:6988080-6988230:MAPQ59:40=1X6=1X5=1X96=
results_align_mapqfix	SRR10377454.31627611	1	NC_008596.1	60	60	1	R2:NC_008596.1:6988080-6988230:MAPQ60:150=
results_align_mapqfix	SRR10377454.10258751	2	NC_008596.1	60	60	1	R2:NC_008596.1:6988081-6988231:MAPQ60:150=;R1:NC_008596.1:6988095-6988245:MAPQ60:150=
results_align_mapqfix	SRR10377454.17799165	1	NC_008596.1	60	60	1	R1:NC_008596.1:6988081-6988231:MAPQ60:150=
results_align_mapqfix	SRR10377454.24299846	2	NC_008596.1	60	60	1	R2:NC_008596.1:6988081-6988231:MAPQ60:150=;R1:NC_008596.1:6988111-6988261:MAPQ60:150=
results_align_mapqfix	SRR10377454.24300256	2	NC_008596.1	60	60	1	R2:NC_008596.1:6988081-6988231:MAPQ60:150=;R1:NC_008596.1:6988111-6988261:MAPQ60:150=
results_align_mapqfix	SRR10377454.28145663	2	NC_008596.1	60	60	1	R2:NC_008596.1:6988081-6988231:MAPQ60:150=;R1:NC_008596.1:6988152-6988302:MAPQ60:150=
results_align_mapqfix	SRR10377454.3542480	2	NC_008596.1	60	60	1	R2:NC_008596.1:6988082-6988232:MAPQ60:150=;R1:NC_008596.1:6988122-6988272:MAPQ60:150=
results_align_mapqfix	SRR10377454.3542665	2	NC_008596.1	54	55	1	R2:NC_008596.1:6988082-6988232:MAPQ54:10=2X1=1X20=1X7=2X26=1X7=2X2=1X27=1X19=1X1=2X7=1X3=1X4=;R1:NC_008596.1:6988122-6988272:MAPQ55:1X2=1X11=1X5=1X2=2X2=1X8=1X44=1X4=2X10=1X2=1X47=
results_align_mapqfix	SRR10377454.5081721	2	NC_008596.1	60	60	1	R1:NC_008596.1:6988082-6988232:MAPQ60:150=;R2:NC_008596.1:6988145-6988295:MAPQ60:150=
results_align_mapqfix	SRR10377454.6906189	2	NC_008596.1	58	58	1	R2:NC_008596.1:6988082-6988232:MAPQ58:33=1X52=1X7=1X3=1X36=1X14=;R1:NC_008596.1:6988154-6988304:MAPQ58:6=1X14=1X15=1X75=1X36=
results_align_mapqfix	SRR10377454.6906277	2	NC_008596.1	60	60	1	R2:NC_008596.1:6988082-6988232:MAPQ60:150=;R1:NC_008596.1:6988154-6988304:MAPQ60:150=
results_align_mapqfix	SRR10377454.7615038	1	NC_008596.1	60	60	1	R1:NC_008596.1:6988082-6988232:MAPQ60:150=
results_align_mapqfix	SRR10377454.11032989	2	NC_008596.1	60	60	1	R2:NC_008596.1:6988082-6988232:MAPQ60:150=;R1:NC_008596.1:6988088-6988238:MAPQ60:150=
results_align_mapqfix	SRR10377454.15085941	2	NC_008596.1	60	60	1	R2:NC_008596.1:6988082-6988232:MAPQ60:86=1X63=;R1:NC_008596.1:6988118-6988268:MAPQ60:150=
results_align_mapqfix	SRR10377454.15270269	1	NC_008596.1	60	60	1	R2:NC_008596.1:6988082-6988232:MAPQ60:150=
results_align_mapqfix	SRR10377454.16465223	1	NC_008596.1	59	59	1	R2:NC_008596.1:6988082-6988232:MAPQ59:65=1X1=1X59=1X22=
results_align_mapqfix	SRR10377454.20556210	1	NC_008596.1	60	60	1	R1:NC_008596.1:6988082-6988232:MAPQ60:150=
results_align_mapqfix	SRR10377454.20867407	2	NC_008596.1	60	60	1	R2:NC_008596.1:6988082-6988232:MAPQ60:47=1X102=;R1:NC_008596.1:6988131-6988281:MAPQ60:150=
results_align_mapqfix	SRR10377454.21138524	2	NC_008596.1	60	60	1	R2:NC_008596.1:6988082-6988232:MAPQ60:97=1X52=;R1:NC_008596.1:6988122-6988272:MAPQ60:150=
results_align_mapqfix	SRR10377454.24362001	2	NC_008596.1	60	60	1	R2:NC_008596.1:6988082-6988232:MAPQ60:150=;R1:NC_008596.1:6988082-6988232:MAPQ60:150=
results_align_mapqfix	SRR10377454.24758325	2	NC_008596.1	60	60	1	R2:NC_008596.1:6988082-6988232:MAPQ60:150=;R1:NC_008596.1:6988122-6988272:MAPQ60:150=
results_align_mapqfix	SRR10377454.856793	1	NC_008596.1	60	60	1	R1:NC_008596.1:6988082-6988232:MAPQ60:25=1X124=
results_align_mapqfix	SRR10377454.3627229	1	NC_008596.1	60	60	1	R2:NC_008596.1:6988082-6988232:MAPQ60:150=
results_align_mapqfix	SRR10377454.14687315	1	NC_008596.1	60	60	1	R1:NC_008596.1:6988082-6988232:MAPQ60:43=1X106=
results_align_mapqfix	SRR10377454.32348564	1	NC_008596.1	60	60	1	R1:NC_008596.1:6988082-6988232:MAPQ60:150=
results_align_mapqfix	SRR10377454.3921491	1	NC_008596.1	49	49	1	R1:NC_008596.1:6988083-6988220:MAPQ49:96=1X2=1X2=3X1=4X2=1X1=1I2=1I1=1X2=1X1=1X1=1I2=1X1I1=1I2=1X1I1=1I1=2I1=1I2=3I1=
results_align_mapqfix	SRR10377454.14997822	2	NC_008596.1	60	60	1	R1:NC_008596.1:6988083-6988233:MAPQ60:150=;R2:NC_008596.1:6988173-6988323:MAPQ60:150=
results_align_mapqfix	SRR10377454.21931892	1	NC_008596.1	56	56	1	R2:NC_008596.1:6988083-6988233:MAPQ56:9=1X53=1X2=1X29=1X2=1X9=1X14=1X2=1X14=1X2=1X4=
results_align_mapqfix	SRR10377454.28428893	1	NC_008596.1	48	48	1	R1:NC_008596.1:6988083-6988220:MAPQ48:94=1X1=1X2=1X2=3X1=4X2=1X1=1I2=1I1=1X2=1X1=1X1=1I2=1X1I1=1I2=1X1I1=1I1=2I1=1I2=3I1=
results_align_mapqfix	SRR10377454.7995292	2	NC_008596.1	56	57	1	R2:NC_008596.1:6988083-6988234:MAPQ56:1=1D3=1X1=1X4=1X1I1=1X1D14=1X17=1X102=;R1:NC_008596.1:6988099-6988245:MAPQ57:136=1X1=1I2=1X2I1=1X2=1I1=
results_align_mapqfix	SRR10377454.8304205	1	NC_008596.1	60	60	1	R2:NC_008596.1:6988083-6988233:MAPQ60:150=
results_align_mapqfix	SRR10377454.17122185	1	NC_008596.1	60	60	1	R1:NC_008596.1:6988083-6988233:MAPQ60:150=
results_align_mapqfix	SRR10377454.23886374	1	NC_008596.1	60	60	1	R1:NC_008596.1:6988083-6988233:MAPQ60:150=
results_align_mapqfix	SRR10377454.25611228	1	NC_008596.1	60	60	1	R2:NC_008596.1:6988083-6988233:MAPQ60:50=1X99=
results_align_mapqfix	SRR10377454.25611325	1	NC_008596.1	59	59	1	R2:NC_008596.1:6988083-6988233:MAPQ59:3=1X4=1X19=1X121=
results_align_mapqfix	SRR10377454.5979437	1	NC_008596.1	60	60	1	R2:NC_008596.1:6988084-6988234:MAPQ60:150=
results_align_mapqfix	SRR10377454.7984413	2	NC_008596.1	57	57	1	R2:NC_008596.1:6988084-6988234:MAPQ57:4=1X1=1X4=1X1I1=1X1D39=1X31=1X63=;R1:NC_008596.1:6988099-6988245:MAPQ57:136=1X1=1I2=1X2I1=1X2=1I1=
results_align_mapqfix	SRR10377454.7995368	2	NC_008596.1	56	57	1	R2:NC_008596.1:6988084-6988234:MAPQ56:4=1X1=1X4=1X1I1=1X1D48=1X8=1X48=1X15=1X12=;R1:NC_008596.1:6988099-6988245:MAPQ57:136=1X1=1I2=1X2I1=1X2=1I1=
results_align_mapqfix	SRR10377454.8383185	1	NC_008596.1	60	60	1	R1:NC_008596.1:6988084-6988234:MAPQ60:150=
results_align_mapqfix	SRR10377454.10495495	2	NC_008596.1	57	57	1	R1:NC_008596.1:6988084-6988234:MAPQ57:2X2=1X1=1X4=1X1I1=1X1D135=;R2:NC_008596.1:6988099-6988246:MAPQ57:136=1X1=1I2=1X2I1=1X2=1X1=
results_align_mapqfix	SRR10377454.11568563	1	NC_008596.1	60	60	1	R1:NC_008596.1:6988084-6988234:MAPQ60:150=
results_align_mapqfix	SRR10377454.16748234	2	NC_008596.1	57	57	1	R2:NC_008596.1:6988084-6988234:MAPQ57:4=1X1=1X4=1X1I1=1X1D92=1X42=;R1:NC_008596.1:6988099-6988245:MAPQ57:92=1X43=1X1=1I2=1X2I1=1X2=1I1=
results_align_mapqfix	SRR10377454.16748235	2	NC_008596.1	57	58	1	R2:NC_008596.1:6988084-6988234:MAPQ58:4=1X1=1X4=1X1I1=1X1D135=;R1:NC_008596.1:6988099-6988245:MAPQ57:136=1X1=1I2=1X2I1=1X2=1I1=
results_align_mapqfix	SRR10377454.19105114	1	NC_008596.1	60	60	1	R1:NC_008596.1:6988084-6988234:MAPQ60:150=
results_align_mapqfix	SRR10377454.30733062	1	NC_008596.1	60	60	1	R1:NC_008596.1:6988084-6988234:MAPQ60:150=
results_align_mapqfix	SRR10377454.781027	1	NC_008596.1	48	48	1	R2:NC_008596.1:6988085-6988225:MAPQ48:97=1X2=1X1=1D2=2X2D2=1D1=1D2=1X1=1I2=1I1=2X4=2X1I1=1I1=3I1=1I1=1I1=1I2=1X2I2=3I1=
results_align_mapqfix	SRR10377454.906845	2	NC_008596.1	60	60	1	R1:NC_008596.1:6988085-6988235:MAPQ60:150=;R2:NC_008596.1:6988191-6988341:MAPQ60:4=1X145=
results_align_mapqfix	SRR10377454.2805303	2	NC_008596.1	60	60	1	R2:NC_008596.1:6988085-6988235:MAPQ60:150=;R1:NC_008596.1:6988151-6988301:MAPQ60:150=
results_align_mapqfix	SRR10377454.29655394	2	NC_008596.1	60	60	1	R1:NC_008596.1:6988085-6988235:MAPQ60:150=;R2:NC_008596.1:6988159-6988309:MAPQ60:150=
results_align_mapqfix	SRR10377454.30631514	2	NC_008596.1	60	60	1	R1:NC_008596.1:6988085-6988235:MAPQ60:150=;R2:NC_008596.1:6988191-6988341:MAPQ60:150=
results_align_mapqfix	SRR10377454.31986092	2	NC_008596.1	58	60	1	R1:NC_008596.1:6988085-6988235:MAPQ60:35=1X114=;R2:NC_008596.1:6988163-6988313:MAPQ58:1=1X9=1X9=1X10=1X70=1X46=
results_align_mapqfix	SRR10377454.23684231	2	NC_008596.1	57	58	1	R2:NC_008596.1:6988085-6988234:MAPQ58:3=1X1=1X4=1X1I1=1X136=;R1:NC_008596.1:6988098-6988244:MAPQ57:137=1X1=1I2=1X2I1=1X2=1I
results_align_mapqfix	SRR10377454.23684339	2	NC_008596.1	55	56	1	R2:NC_008596.1:6988085-6988234:MAPQ55:3=1X1=1X1=1X2=3X1I7=1X1=1X5=1X2=1X3=1X113=;R1:NC_008596.1:6988098-6988244:MAPQ56:71=1X42=1X15=1X6=1X1=1I2=1X2I1=1X2=1I
results_align_mapqfix	SRR10377454.23685345	2	NC_008596.1	57	58	1	R2:NC_008596.1:6988085-6988234:MAPQ58:3=1X1=1X4=1X1I1=1X136=;R1:NC_008596.1:6988098-6988244:MAPQ57:137=1X1=1I2=1X2I1=1X2=1I
results_align_mapqfix	SRR10377454.25642704	2	NC_008596.1	56	58	1	R1:NC_008596.1:6988085-6988234:MAPQ58:1X2=1X1=1X4=1X1I1=1X136=;R2:NC_008596.1:6988098-6988244:MAPQ56:7=1X103=1X1=1X23=1X1=1I2=1X2I1=1X2=1I
results_align_mapqfix	SRR10377454.9929213	2	NC_008596.1	58	58	1	R2:NC_008596.1:6988086-6988234:MAPQ58:2=1X1=1X4=1X1I1=1I137=;R1:NC_008596.1:6988097-6988244:MAPQ58:138=1X1=1I2=1X2I1=1X2=
results_align_mapqfix	SRR10377454.15814462	2	NC_008596.1	57	57	1	R1:NC_008596.1:6988086-6988234:MAPQ57:1=1X2=1D2=1I1=1D2=1I1=1X1=2I134=;R2:NC_008596.1:6988099-6988246:MAPQ57:136=1X1=1I2=1X2I1=1X2=1X1=
results_align_mapqfix	SRR10377454.5928275	2	NC_008596.1	60	60	1	R2:NC_008596.1:6988087-6988237:MAPQ60:150=;R1:NC_008596.1:6988157-6988307:MAPQ60:150=
results_align_mapqfix	SRR10377454.6745519	1	NC_008596.1	52	52	1	R2:NC_008596.1:6988087-6988233:MAPQ52:113=1I1=1X1I1=1X2=1X1D2=3X1=2X1=1D2=1I1=1X1=1X2=2X1I1=1X1=1I1=1I1=
results_align_mapqfix	SRR10377454.7573931	1	NC_008596.1	60	60	1	R2:NC_008596.1:6988087-6988237:MAPQ60:60=1X89=
results_align_mapqfix	SRR10377454.22354127	2	NC_008596.1	60	60	1	R2:NC_008596.1:6988087-6988237:MAPQ60:150=;R1:NC_008596.1:6988118-6988268:MAPQ60:150=
results_align_mapqfix	SRR10377454.22354516	2	NC_008596.1	60	60	1	R2:NC_008596.1:6988087-6988237:MAPQ60:150=;R1:NC_008596.1:6988118-6988268:MAPQ60:150=
results_align_mapqfix	SRR10377454.31663678	2	NC_008596.1	60	60	1	R1:NC_008596.1:6988087-6988237:MAPQ60:150=;R2:NC_008596.1:6988183-6988333:MAPQ60:15=1X134=
results_align_mapqfix	SRR10377454.12007266	1	NC_008596.1	59	59	1	R2:NC_008596.1:6988088-6988238:MAPQ59:19=1X25=1X104=
results_align_mapqfix	SRR10377454.13758803	1	NC_008596.1	60	60	1	R1:NC_008596.1:6988088-6988238:MAPQ60:150=
results_align_mapqfix	SRR10377454.3314591	2	NC_008596.1	60	60	1	R2:NC_008596.1:6988090-6988240:MAPQ60:150=;R1:NC_008596.1:6988149-6988299:MAPQ60:150=
results_align_mapqfix	SRR10377454.6482712	2	NC_008596.1	60	60	1	R2:NC_008596.1:6988090-6988240:MAPQ60:150=;R1:NC_008596.1:6988149-6988299:MAPQ60:150=
results_align_mapqfix	SRR10377454.12932982	2	NC_008596.1	60	60	1	R2:NC_008596.1:6988092-6988242:MAPQ60:150=;R1:NC_008596.1:6988184-6988334:MAPQ60:150=
results_align_mapqfix	SRR10377454.12933655	2	NC_008596.1	59	60	1	R2:NC_008596.1:6988092-6988242:MAPQ59:106=1X6=1X7=1X28=;R1:NC_008596.1:6988184-6988334:MAPQ60:96=1X53=
results_align_mapqfix	SRR10377454.7249276	2	NC_008596.1	60	60	1	R2:NC_008596.1:6988093-6988243:MAPQ60:150=;R1:NC_008596.1:6988168-6988318:MAPQ60:150=
results_align_mapqfix	SRR10377454.7251414	2	NC_008596.1	60	60	1	R2:NC_008596.1:6988093-6988243:MAPQ60:150=;R1:NC_008596.1:6988168-6988318:MAPQ60:150=
results_align_mapqfix	SRR10377454.7256971	2	NC_008596.1	60	60	1	R2:NC_008596.1:6988093-6988243:MAPQ60:150=;R1:NC_008596.1:6988168-6988318:MAPQ60:150=
results_align_mapqfix	SRR10377454.1998359	1	NC_008596.1	60	60	1	R1:NC_008596.1:6988093-6988243:MAPQ60:150=
results_align_mapqfix	SRR10377454.1998545	1	NC_008596.1	60	60	1	R1:NC_008596.1:6988093-6988243:MAPQ60:150=
results_align_mapqfix	SRR10377454.5884297	1	NC_008596.1	60	60	1	R2:NC_008596.1:6988093-6988243:MAPQ60:150=
results_align_mapqfix	SRR10377454.15769347	1	NC_008596.1	58	58	1	R2:NC_008596.1:6988093-6988243:MAPQ58:33=1X20=1X16=1X44=1X33=
results_align_mapqfix	SRR10377454.25590712	1	NC_008596.1	60	60	1	R2:NC_008596.1:6988093-6988243:MAPQ60:150=
results_align_mapqfix	SRR10377454.31538643	1	NC_008596.1	60	60	1	R1:NC_008596.1:6988093-6988243:MAPQ60:150=
results_align_mapqfix	SRR10377454.665959	2	NC_008596.1	60	60	1	R2:NC_008596.1:6988094-6988244:MAPQ60:12=1X137=;R1:NC_008596.1:6988149-6988299:MAPQ60:150=
results_align_mapqfix	SRR10377454.3286594	2	NC_008596.1	60	60	1	R2:NC_008596.1:6988094-6988244:MAPQ60:150=;R1:NC_008596.1:6988118-6988268:MAPQ60:150=
results_align_mapqfix	SRR10377454.5052975	2	NC_008596.1	60	60	1	R1:NC_008596.1:6988094-6988244:MAPQ60:150=;R2:NC_008596.1:6988203-6988353:MAPQ60:11=1X138=
results_align_mapqfix	SRR10377454.9968676	2	NC_008596.1	60	60	1	R2:NC_008596.1:6988094-6988244:MAPQ60:150=;R1:NC_008596.1:6988128-6988278:MAPQ60:150=
results_align_mapqfix	SRR10377454.12588561	2	NC_008596.1	60	60	1	R2:NC_008596.1:6988094-6988244:MAPQ60:150=;R1:NC_008596.1:6988173-6988323:MAPQ60:150=
results_align_mapqfix	SRR10377454.12632112	2	NC_008596.1	60	60	1	R2:NC_008596.1:6988094-6988244:MAPQ60:150=;R1:NC_008596.1:6988173-6988323:MAPQ60:150=
results_align_mapqfix	SRR10377454.13906232	2	NC_008596.1	60	60	1	R2:NC_008596.1:6988094-6988244:MAPQ60:150=;R1:NC_008596.1:6988114-6988264:MAPQ60:35=1X114=
results_align_mapqfix	SRR10377454.14047768	2	NC_008596.1	60	60	1	R2:NC_008596.1:6988094-6988244:MAPQ60:150=;R1:NC_008596.1:6988149-6988299:MAPQ60:150=
results_align_mapqfix	SRR10377454.14281779	2	NC_008596.1	60	60	1	R2:NC_008596.1:6988094-6988244:MAPQ60:150=;R1:NC_008596.1:6988133-6988283:MAPQ60:150=
results_align_mapqfix	SRR10377454.14281870	2	NC_008596.1	60	60	1	R2:NC_008596.1:6988094-6988244:MAPQ60:150=;R1:NC_008596.1:6988133-6988283:MAPQ60:150=
results_align_mapqfix	SRR10377454.14281871	2	NC_008596.1	60	60	1	R2:NC_008596.1:6988094-6988244:MAPQ60:150=;R1:NC_008596.1:6988133-6988283:MAPQ60:150=
results_align_mapqfix	SRR10377454.16299059	2	NC_008596.1	60	60	1	R1:NC_008596.1:6988094-6988244:MAPQ60:150=;R2:NC_008596.1:6988203-6988353:MAPQ60:150=
results_align_mapqfix	SRR10377454.17699408	2	NC_008596.1	60	60	1	R2:NC_008596.1:6988094-6988244:MAPQ60:150=;R1:NC_008596.1:6988156-6988306:MAPQ60:150=
results_align_mapqfix	SRR10377454.20140428	1	NC_008596.1	60	60	1	R2:NC_008596.1:6988094-6988244:MAPQ60:150=
results_align_mapqfix	SRR10377454.20876527	1	NC_008596.1	60	60	1	R2:NC_008596.1:6988094-6988244:MAPQ60:150=
results_align_mapqfix	SRR10377454.21159406	2	NC_008596.1	60	60	1	R1:NC_008596.1:6988094-6988244:MAPQ60:150=;R2:NC_008596.1:6988171-6988321:MAPQ60:150=
results_align_mapqfix	SRR10377454.21275359	1	NC_008596.1	60	60	1	R2:NC_008596.1:6988094-6988244:MAPQ60:150=
results_align_mapqfix	SRR10377454.21729679	1	NC_008596.1	60	60	1	R2:NC_008596.1:6988094-6988244:MAPQ60:150=
results_align_mapqfix	SRR10377454.23193752	2	NC_008596.1	60	60	1	R1:NC_008596.1:6988094-6988244:MAPQ60:150=;R2:NC_008596.1:6988150-6988300:MAPQ60:150=
results_align_mapqfix	SRR10377454.23445770	2	NC_008596.1	60	60	1	R2:NC_008596.1:6988094-6988244:MAPQ60:150=;R1:NC_008596.1:6988162-6988312:MAPQ60:150=
results_align_mapqfix	SRR10377454.29480420	2	NC_008596.1	60	60	1	R2:NC_008596.1:6988094-6988244:MAPQ60:99=1X50=;R1:NC_008596.1:6988128-6988278:MAPQ60:150=
results_align_mapqfix	SRR10377454.29832974	2	NC_008596.1	60	60	1	R2:NC_008596.1:6988094-6988244:MAPQ60:150=;R1:NC_008596.1:6988133-6988283:MAPQ60:150=
results_align_mapqfix	SRR10377454.30808207	2	NC_008596.1	60	60	1	R1:NC_008596.1:6988094-6988244:MAPQ60:150=;R2:NC_008596.1:6988203-6988353:MAPQ60:150=
results_align_mapqfix	SRR10377454.30813284	2	NC_008596.1	59	60	1	R1:NC_008596.1:6988094-6988244:MAPQ60:150=;R2:NC_008596.1:6988203-6988353:MAPQ59:18=1X111=1X19=
results_align_mapqfix	SRR10377454.31140745	2	NC_008596.1	60	60	1	R1:NC_008596.1:6988094-6988244:MAPQ60:150=;R2:NC_008596.1:6988151-6988301:MAPQ60:150=
results_align_mapqfix	SRR10377454.31140972	2	NC_008596.1	60	60	1	R1:NC_008596.1:6988094-6988244:MAPQ60:150=;R2:NC_008596.1:6988151-6988301:MAPQ60:150=
results_align_mapqfix	SRR10377454.31863330	2	NC_008596.1	60	60	1	R2:NC_008596.1:6988094-6988244:MAPQ60:150=;R1:NC_008596.1:6988120-6988270:MAPQ60:150=
results_align_mapqfix	SRR10377454.32075467	2	NC_008596.1	60	60	1	R2:NC_008596.1:6988094-6988244:MAPQ60:150=;R1:NC_008596.1:6988175-6988325:MAPQ60:150=
results_align_mapqfix	SRR10377454.32371585	2	NC_008596.1	60	60	1	R1:NC_008596.1:6988094-6988244:MAPQ60:150=;R2:NC_008596.1:6988151-6988301:MAPQ60:122=1X27=
results_align_mapqfix	SRR10377454.10860709	2	NC_008596.1	60	60	1	R2:NC_008596.1:6988095-6988245:MAPQ60:150=;R1:NC_008596.1:6988149-6988299:MAPQ60:150=
results_align_mapqfix	SRR10377454.10860710	2	NC_008596.1	59	60	1	R2:NC_008596.1:6988095-6988245:MAPQ59:27=1X51=1X70=;R1:NC_008596.1:6988149-6988299:MAPQ60:150=
results_align_mapqfix	SRR10377454.2478090	2	NC_008596.1	60	60	1	R1:NC_008596.1:6988096-6988246:MAPQ60:30=1X119=;R2:NC_008596.1:6988103-6988253:MAPQ60:150=
results_align_mapqfix	SRR10377454.9554106	1	NC_008596.1	60	60	1	R1:NC_008596.1:6988096-6988246:MAPQ60:150=
results_align_mapqfix	SRR10377454.23211820	2	NC_008596.1	60	60	1	R1:NC_008596.1:6988097-6988247:MAPQ60:150=;R2:NC_008596.1:6988174-6988324:MAPQ60:150=
results_align_mapqfix	SRR10377454.3102541	2	NC_008596.1	50	50	1	R1:NC_008596.1:6988097-6988243:MAPQ50:1=1D2=1X1=3X1=2X1I1=1I1=1I3=1D2=1X1=1I1=3I4=1I1=2X2=1X1=1X1I1=1D2=1D2=1D1=1X101=;R2:NC_008596.1:6988142-6988281:MAPQ50:101=2X1I1=1D1=1X1=1X1D1=1X1I2=1I3=1I1=1X1I2=2X2I1=1X1=1I1=1I1=1X1=1I1=1I2=1X2=1I1=1I2=
results_align_mapqfix	SRR10377454.19437237	2	NC_008596.1	50	50	1	R1:NC_008596.1:6988097-6988243:MAPQ50:1=1D2=1X1=3X1=2X1I1=1I1=1I3=1D2=1X1=1I1=3I4=1I1=2X2=1X1=1X1I1=1D2=1D2=1D1=1X101=;R2:NC_008596.1:6988142-6988281:MAPQ50:101=2X1I1=1D1=1X1=1X1D1=1X1I2=1I3=1I1=1X1I2=2X2I1=1X1=1I1=1I1=1X1=1I1=1I2=1X2=1I1=1I2=
results_align_mapqfix	SRR10377454.19875923	1	NC_008596.1	60	60	1	R1:NC_008596.1:6988097-6988247:MAPQ60:150=
results_align_mapqfix	SRR10377454.1558875	2	NC_008596.1	60	60	1	R2:NC_008596.1:6988098-6988248:MAPQ60:39=1X110=;R1:NC_008596.1:6988204-6988354:MAPQ60:150=
results_align_mapqfix	SRR10377454.8167434	2	NC_008596.1	60	60	1	R2:NC_008596.1:6988098-6988248:MAPQ60:100=1X49=;R1:NC_008596.1:6988118-6988268:MAPQ60:150=
results_align_mapqfix	SRR10377454.11927039	2	NC_008596.1	60	60	1	R2:NC_008596.1:6988098-6988248:MAPQ60:112=1X37=;R1:NC_008596.1:6988129-6988279:MAPQ60:25=1X124=
results_align_mapqfix	SRR10377454.14915003	2	NC_008596.1	60	60	1	R2:NC_008596.1:6988098-6988248:MAPQ60:150=;R1:NC_008596.1:6988129-6988279:MAPQ60:150=
results_align_mapqfix	SRR10377454.19099497	2	NC_008596.1	59	60	1	R2:NC_008596.1:6988098-6988248:MAPQ59:92=1X22=1X34=;R1:NC_008596.1:6988204-6988354:MAPQ60:150=
results_align_mapqfix	SRR10377454.19099498	2	NC_008596.1	54	60	1	R2:NC_008596.1:6988098-6988248:MAPQ54:54=1X37=1X4=1X1=1X4=1X7=1X2=2X1=2X5=1X6=1X2=1X2=1X9=1X1=;R1:NC_008596.1:6988204-6988354:MAPQ60:150=
results_align_mapqfix	SRR10377454.19830770	2	NC_008596.1	60	60	1	R1:NC_008596.1:6988098-6988248:MAPQ60:150=;R2:NC_008596.1:6988129-6988279:MAPQ60:150=
results_align_mapqfix	SRR10377454.24082607	2	NC_008596.1	58	60	1	R2:NC_008596.1:6988098-6988248:MAPQ58:22=1X28=1X40=1X48=1X8=;R1:NC_008596.1:6988118-6988268:MAPQ60:121=1X28=
results_align_mapqfix	SRR10377454.31338971	1	NC_008596.1	60	60	1	R1:NC_008596.1:6988098-6988248:MAPQ60:150=
results_align_mapqfix	SRR10377454.31826630	1	NC_008596.1	60	60	1	R1:NC_008596.1:6988098-6988248:MAPQ60:150=
results_align_mapqfix	SRR10377454.27858121	1	NC_008596.1	60	60	1	R1:NC_008596.1:6988098-6988248:MAPQ60:150=
results_align_mapqfix	SRR10377454.27858207	1	NC_008596.1	60	60	1	R1:NC_008596.1:6988098-6988248:MAPQ60:150=
results_align_mapqfix	SRR10377454.12515303	1	NC_008596.1	59	59	1	R2:NC_008596.1:6988100-6988250:MAPQ59:24=1X35=1X19=1X69=
results_align_mapqfix	SRR10377454.13715815	2	NC_008596.1	58	59	1	R2:NC_008596.1:6988101-6988251:MAPQ58:58=1X30=1X43=1X8=1X7=;R1:NC_008596.1:6988110-6988260:MAPQ59:78=1X43=1X27=
results_align_mapqfix	SRR10377454.17920331	2	NC_008596.1	60	60	1	R2:NC_008596.1:6988101-6988250:MAPQ60:149=1I;R1:NC_008596.1:6988202-6988352:MAPQ60:150=
results_align_mapqfix	SRR10377454.24574160	2	NC_008596.1	59	60	1	R2:NC_008596.1:6988101-6988251:MAPQ59:23=1X117=1X8=;R1:NC_008596.1:6988110-6988260:MAPQ60:150=
results_align_mapqfix	SRR10377454.10594539	1	NC_008596.1	60	60	1	R1:NC_008596.1:6988102-6988252:MAPQ60:150=
results_align_mapqfix	SRR10377454.25153914	1	NC_008596.1	60	60	1	R1:NC_008596.1:6988102-6988252:MAPQ60:150=
results_align_mapqfix	SRR10377454.4894523	1	NC_008596.1	60	60	1	R1:NC_008596.1:6988103-6988253:MAPQ60:150=
results_align_mapqfix	SRR10377454.9775222	1	NC_008596.1	60	60	1	R2:NC_008596.1:6988103-6988253:MAPQ60:150=
results_align_mapqfix	SRR10377454.23849410	2	NC_008596.1	56	60	1	R1:NC_008596.1:6988104-6988254:MAPQ60:150=;R2:NC_008596.1:6988124-6988274:MAPQ56:12=2X8=1X1=1X23=1X1=1X9=1X25=1X13=1X25=1X17=1X5=
results_align_mapqfix	SRR10377454.10564663	1	NC_008596.1	60	60	1	R2:NC_008596.1:6988104-6988254:MAPQ60:150=
results_align_mapqfix	SRR10377454.29335193	2	NC_008596.1	55	60	1	R2:NC_008596.1:6988106-6988256:MAPQ55:28=1X25=1X26=1X2=1X2=1X2=2X4=1X15=1X11=1X4=1X9=1X10=;R1:NC_008596.1:6988126-6988276:MAPQ60:150=
results_align_mapqfix	SRR10377454.16648369	2	NC_008596.1	60	60	1	R2:NC_008596.1:6988107-6988257:MAPQ60:150=;R1:NC_008596.1:6988153-6988303:MAPQ60:150=
results_align_mapqfix	SRR10377454.22851551	2	NC_008596.1	60	60	1	R1:NC_008596.1:6988107-6988257:MAPQ60:150=;R2:NC_008596.1:6988153-6988303:MAPQ60:150=
results_align_mapqfix	SRR10377454.22856809	2	NC_008596.1	60	60	1	R1:NC_008596.1:6988107-6988257:MAPQ60:150=;R2:NC_008596.1:6988153-6988303:MAPQ60:150=
results_align_mapqfix	SRR10377454.24859075	2	NC_008596.1	60	60	1	R2:NC_008596.1:6988112-6988262:MAPQ60:150=;R1:NC_008596.1:6988122-6988272:MAPQ60:150=
results_align_mapqfix	SRR10377454.30897024	2	NC_008596.1	60	60	1	R2:NC_008596.1:6988112-6988262:MAPQ60:150=;R1:NC_008596.1:6988122-6988272:MAPQ60:150=
results_align_mapqfix	SRR10377454.30897287	2	NC_008596.1	60	60	1	R2:NC_008596.1:6988112-6988262:MAPQ60:150=;R1:NC_008596.1:6988122-6988272:MAPQ60:150=
results_align_mapqfix	SRR10377454.23101170	2	NC_008596.1	52	53	1	R2:NC_008596.1:6988112-6988261:MAPQ53:3=1X2=1X1D1=1X4=2X1I3=1I5=1D1=1X2=1I1=2I3=2D1=1D2=1I110=;R1:NC_008596.1:6988151-6988296:MAPQ52:110=1X1=1X1=1X1D3=1X1I1=1X1=1X1I1=1X2=1D1=1X4=1I1=1X1I1=1I1=1X3=1I1=1I1=
results_align_mapqfix	SRR10377454.23109021	2	NC_008596.1	52	53	1	R2:NC_008596.1:6988112-6988261:MAPQ53:3=1X2=1X1D1=1X4=2X1I3=1I5=1D1=1X2=1I1=2I3=2D1=1D2=1I110=;R1:NC_008596.1:6988151-6988296:MAPQ52:110=1X1=1X1=1X1D3=1X1I1=1X1=1X1I1=1X2=1D1=1X4=1I1=1X1I1=1I1=1X3=1I1=1I1=
results_align_mapqfix	SRR10377454.23109934	2	NC_008596.1	52	53	1	R2:NC_008596.1:6988112-6988261:MAPQ53:3=1X2=1X1D1=1X4=2X1I3=1I5=1D1=1X2=1I1=2I3=2D1=1D2=1I110=;R1:NC_008596.1:6988151-6988296:MAPQ52:110=1X1=1X1=1X1D3=1X1I1=1X1=1X1I1=1X2=1D1=1X4=1I1=1X1I1=1I1=1X3=1I1=1I1=
results_align_mapqfix	SRR10377454.23153823	2	NC_008596.1	52	53	1	R2:NC_008596.1:6988112-6988261:MAPQ53:3=1X2=1X1D1=1X4=2X1I3=1I5=1D1=1X2=1I1=2I3=2D1=1D2=1I110=;R1:NC_008596.1:6988151-6988296:MAPQ52:110=1X1=1X1=1X1D3=1X1I1=1X1=1X1I1=1X2=1D1=1X4=1I1=1X1I1=1I1=1X3=1I1=1I1=
results_align_mapqfix	SRR10377454.28716787	1	NC_008596.1	60	60	1	R1:NC_008596.1:6988112-6988262:MAPQ60:150=
results_align_mapqfix	SRR10377454.14152700	2	NC_008596.1	60	60	1	R1:NC_008596.1:6988113-6988263:MAPQ60:150=;R2:NC_008596.1:6988142-6988292:MAPQ60:150=
results_align_mapqfix	SRR10377454.14153122	2	NC_008596.1	60	60	1	R1:NC_008596.1:6988113-6988263:MAPQ60:150=;R2:NC_008596.1:6988142-6988292:MAPQ60:22=1X127=
results_align_mapqfix	SRR10377454.892966	1	NC_008596.1	60	60	1	R1:NC_008596.1:6988114-6988264:MAPQ60:150=
results_align_mapqfix	SRR10377454.22746954	1	NC_008596.1	60	60	1	R1:NC_008596.1:6988114-6988264:MAPQ60:150=
results_align_mapqfix	SRR10377454.29696785	2	NC_008596.1	60	60	1	R2:NC_008596.1:6988115-6988265:MAPQ60:150=;R1:NC_008596.1:6988132-6988282:MAPQ60:150=
results_align_mapqfix	SRR10377454.10983094	2	NC_008596.1	58	58	1	R2:NC_008596.1:6988115-6988268:MAPQ58:1X2=1X2=1X1D2=2D141=;R1:NC_008596.1:6988127-6988276:MAPQ58:141=1I3=1D1=1X2=1I
results_align_mapqfix	SRR10377454.16375814	1	NC_008596.1	59	59	1	R1:NC_008596.1:6988115-6988266:MAPQ59:1=1D42=1X37=1X68=
results_align_mapqfix	SRR10377454.18381972	2	NC_008596.1	58	58	1	R1:NC_008596.1:6988115-6988268:MAPQ58:1X2=1X2=1X1D2=2D141=;R2:NC_008596.1:6988127-6988276:MAPQ58:141=1I3=1D1=1X2=1I
results_align_mapqfix	SRR10377454.6229481	1	NC_008596.1	60	60	1	R2:NC_008596.1:6988116-6988266:MAPQ60:150=
results_align_mapqfix	SRR10377454.7528081	1	NC_008596.1	60	60	1	R1:NC_008596.1:6988116-6988266:MAPQ60:150=
results_align_mapqfix	SRR10377454.10356285	1	NC_008596.1	60	60	1	R1:NC_008596.1:6988117-6988267:MAPQ60:150=
results_align_mapqfix	SRR10377454.12991305	2	NC_008596.1	60	60	1	R2:NC_008596.1:6988117-6988267:MAPQ60:150=;R1:NC_008596.1:6988130-6988280:MAPQ60:150=
results_align_mapqfix	SRR10377454.12997316	2	NC_008596.1	59	60	1	R2:NC_008596.1:6988117-6988266:MAPQ59:134=1X14=1I;R1:NC_008596.1:6988130-6988280:MAPQ60:150=
results_align_mapqfix	SRR10377454.12997317	2	NC_008596.1	60	60	1	R2:NC_008596.1:6988117-6988267:MAPQ60:150=;R1:NC_008596.1:6988130-6988280:MAPQ60:150=
results_align_mapqfix	SRR10377454.12998029	2	NC_008596.1	60	60	1	R2:NC_008596.1:6988117-6988267:MAPQ60:150=;R1:NC_008596.1:6988130-6988280:MAPQ60:150=
results_align_mapqfix	SRR10377454.14122519	2	NC_008596.1	60	60	1	R1:NC_008596.1:6988117-6988267:MAPQ60:150=;R2:NC_008596.1:6988193-6988343:MAPQ60:150=
results_align_mapqfix	SRR10377454.16956819	2	NC_008596.1	60	60	1	R2:NC_008596.1:6988117-6988267:MAPQ60:150=;R1:NC_008596.1:6988130-6988280:MAPQ60:150=
results_align_mapqfix	SRR10377454.19642188	2	NC_008596.1	60	60	1	R2:NC_008596.1:6988117-6988267:MAPQ60:150=;R1:NC_008596.1:6988186-6988336:MAPQ60:150=
results_align_mapqfix	SRR10377454.20811283	2	NC_008596.1	59	60	1	R1:NC_008596.1:6988117-6988267:MAPQ60:150=;R2:NC_008596.1:6988182-6988332:MAPQ59:102=1X28=1X18=
results_align_mapqfix	SRR10377454.15665706	2	NC_008596.1	58	59	1	R2:NC_008596.1:6988117-6988268:MAPQ58:1=1X2=1X1D68=1X76=;R1:NC_008596.1:6988125-6988275:MAPQ59:143=1I3=1D1=1X1=
results_align_mapqfix	SRR10377454.22823214	2	NC_008596.1	56	60	1	R1:NC_008596.1:6988118-6988268:MAPQ60:15=1X134=;R2:NC_008596.1:6988157-6988307:MAPQ56:3=1X4=1X2=1X1=1X9=1X2=2X8=1X8=1X8=1X20=1X74=
results_align_mapqfix	SRR10377454.2002321	1	NC_008596.1	59	59	1	R2:NC_008596.1:6988118-6988268:MAPQ59:49=1X11=1X25=1X62=
results_align_mapqfix	SRR10377454.6226971	1	NC_008596.1	59	59	1	R1:NC_008596.1:6988118-6988268:MAPQ59:19=1X82=1X47=
results_align_mapqfix	SRR10377454.8256780	1	NC_008596.1	59	59	1	R2:NC_008596.1:6988118-6988268:MAPQ59:19=1X39=1X31=1X58=
results_align_mapqfix	SRR10377454.17519622	1	NC_008596.1	60	60	1	R2:NC_008596.1:6988118-6988268:MAPQ60:150=
results_align_mapqfix	SRR10377454.19241108	1	NC_008596.1	60	60	1	R2:NC_008596.1:6988118-6988268:MAPQ60:95=1X54=
results_align_mapqfix	SRR10377454.30410171	1	NC_008596.1	59	59	1	R2:NC_008596.1:6988118-6988268:MAPQ59:29=1X8=1X111=
results_align_mapqfix	SRR10377454.11295770	1	NC_008596.1	60	60	1	R1:NC_008596.1:6988119-6988269:MAPQ60:150=
results_align_mapqfix	SRR10377454.11296022	1	NC_008596.1	60	60	1	R1:NC_008596.1:6988119-6988269:MAPQ60:150=
results_align_mapqfix	SRR10377454.25211646	1	NC_008596.1	60	60	1	R2:NC_008596.1:6988119-6988269:MAPQ60:150=
results_align_mapqfix	SRR10377454.2166256	1	NC_008596.1	58	58	1	R2:NC_008596.1:6988120-6988270:MAPQ58:94=1X7=1X4=2X41=
results_align_mapqfix	SRR10377454.2140654	1	NC_008596.1	60	60	1	R1:NC_008596.1:6988121-6988271:MAPQ60:150=
results_align_mapqfix	SRR10377454.30294375	2	NC_008596.1	53	53	1	R2:NC_008596.1:6988121-6988270:MAPQ53:2X3=2X1I3=1X1=1X1=1I2=1X1D2=1X1=5X3=1X32=1X85=;R1:NC_008596.1:6988152-6988301:MAPQ53:34=1X41=1X41=1D1=2D3=1I1=1D1=2I3=1X2=1I1=1X3=1D1=1D2=1X1I3=2I1=
results_align_mapqfix	SRR10377454.13571766	2	NC_008596.1	55	55	1	R2:NC_008596.1:6988124-6988268:MAPQ55:1=2X1D3=1I5=1D1=1X2=1I1=2I3=4I123=;R1:NC_008596.1:6988145-6988292:MAPQ55:123=1I3=1D1=1X2=1X1=1X3=1X1=1D1=2I3=2I1=1X1=
results_align_mapqfix	SRR10377454.21875939	2	NC_008596.1	55	55	1	R2:NC_008596.1:6988124-6988268:MAPQ55:1=2X1D3=1I5=1D1=1X2=1I1=2I3=4I123=;R1:NC_008596.1:6988145-6988292:MAPQ55:123=1I3=1D1=1X2=1X1=1X3=1X1=1D1=2I3=2I1=1X1=
results_align_mapqfix	SRR10377454.25342991	2	NC_008596.1	55	55	1	R2:NC_008596.1:6988124-6988268:MAPQ55:1=2X1D3=1I5=1D1=1X2=1I1=2I3=4I123=;R1:NC_008596.1:6988145-6988292:MAPQ55:123=1I3=1D1=1X2=1X1=1X3=1X1=1D1=2I3=2I1=1X1=
results_align_mapqfix	SRR10377454.1529978	1	NC_008596.1	57	57	1	R2:NC_008596.1:6988125-6988275:MAPQ57:22=1X1=1X25=1X3=1X15=1X15=1X3=1X59=
results_align_mapqfix	SRR10377454.4669645	1	NC_008596.1	60	60	1	R2:NC_008596.1:6988125-6988275:MAPQ60:73=1X76=
results_align_mapqfix	SRR10377454.6578657	1	NC_008596.1	57	57	1	R2:NC_008596.1:6988125-6988275:MAPQ57:57=1X2=1X12=1X56=1I1=1D5=1X7=1X4=
results_align_mapqfix	SRR10377454.17928546	2	NC_008596.1	60	60	1	R2:NC_008596.1:6988125-6988275:MAPQ60:150=;R1:NC_008596.1:6988186-6988336:MAPQ60:150=
results_align_mapqfix	SRR10377454.28158229	2	NC_008596.1	56	60	1	R2:NC_008596.1:6988125-6988275:MAPQ56:4=2X12=1X26=1X24=1X17=1X19=1X5=1X29=1X5=;R1:NC_008596.1:6988186-6988336:MAPQ60:9=1X140=
results_align_mapqfix	SRR10377454.29125016	2	NC_008596.1	60	60	1	R2:NC_008596.1:6988125-6988275:MAPQ60:150=;R1:NC_008596.1:6988172-6988322:MAPQ60:150=
results_align_mapqfix	SRR10377454.32191936	1	NC_008596.1	60	60	1	R2:NC_008596.1:6988125-6988275:MAPQ60:73=1X76=
results_align_mapqfix	SRR10377454.17085252	1	NC_008596.1	60	60	1	R1:NC_008596.1:6988126-6988276:MAPQ60:150=
results_align_mapqfix	SRR10377454.31084259	1	NC_008596.1	60	60	1	R1:NC_008596.1:6988126-6988276:MAPQ60:150=
results_align_mapqfix	SRR10377454.31084979	1	NC_008596.1	60	60	1	R1:NC_008596.1:6988126-6988276:MAPQ60:150=
results_align_mapqfix	SRR10377454.31085057	1	NC_008596.1	60	60	1	R1:NC_008596.1:6988126-6988276:MAPQ60:150=
results_align_mapqfix	SRR10377454.6090723	1	NC_008596.1	60	60	1	R1:NC_008596.1:6988126-6988276:MAPQ60:150=
results_align_mapqfix	SRR10377454.13581973	2	NC_008596.1	48	49	1	R1:NC_008596.1:6988126-6988269:MAPQ49:2=1X1=2I2=1X3=1I3=5X2=1X1D2=2X1=1X1D2=1I1=2I2=2X3=1X1I1=1I3=1X1=1X2=1X1=1I92=;R2:NC_008596.1:6988177-6988319:MAPQ48:93=1X1=1X2=1I1=1X1=1X2=1D1=1X1D1=1X2=1X1I1=1X1=1X2=1I1=4X2=1D2=2X1=2I1=1X2I2=2I1=1X3=1I1=1I
results_align_mapqfix	SRR10377454.17298360	1	NC_008596.1	59	59	1	R1:NC_008596.1:6988126-6988276:MAPQ59:4=1X26=1X29=1X88=
results_align_mapqfix	SRR10377454.20089179	1	NC_008596.1	60	60	1	R1:NC_008596.1:6988126-6988276:MAPQ60:150=
results_align_mapqfix	SRR10377454.21477687	1	NC_008596.1	57	57	1	R2:NC_008596.1:6988126-6988276:MAPQ57:6=1X7=1X9=1X1=1X12=1X8=1X20=1X80=
results_align_mapqfix	SRR10377454.21477770	1	NC_008596.1	60	60	1	R2:NC_008596.1:6988126-6988276:MAPQ60:150=
results_align_mapqfix	SRR10377454.21953686	1	NC_008596.1	60	60	1	R1:NC_008596.1:6988126-6988276:MAPQ60:150=
results_align_mapqfix	SRR10377454.23355172	1	NC_008596.1	60	60	1	R1:NC_008596.1:6988126-6988276:MAPQ60:150=
results_align_mapqfix	SRR10377454.24268559	1	NC_008596.1	60	60	1	R1:NC_008596.1:6988126-6988276:MAPQ60:150=
results_align_mapqfix	SRR10377454.24269040	1	NC_008596.1	60	60	1	R1:NC_008596.1:6988126-6988276:MAPQ60:150=
results_align_mapqfix	SRR10377454.24835627	1	NC_008596.1	60	60	1	R1:NC_008596.1:6988126-6988276:MAPQ60:150=
results_align_mapqfix	SRR10377454.24944151	2	NC_008596.1	56	57	1	R2:NC_008596.1:6988126-6988273:MAPQ56:1=1I1=1X1=1I1=1X1=1X1I1=1X3=1D1=1I132=;R1:NC_008596.1:6988141-6988287:MAPQ57:132=1X3=1I1=1D1=1X3=2I2=1I1=1I
results_align_mapqfix	SRR10377454.28559395	1	NC_008596.1	60	60	1	R2:NC_008596.1:6988126-6988276:MAPQ60:150=
results_align_mapqfix	SRR10377454.28559750	1	NC_008596.1	60	60	1	R2:NC_008596.1:6988126-6988276:MAPQ60:150=
results_align_mapqfix	SRR10377454.28559982	1	NC_008596.1	60	60	1	R2:NC_008596.1:6988126-6988276:MAPQ60:150=
results_align_mapqfix	SRR10377454.30351804	1	NC_008596.1	60	60	1	R1:NC_008596.1:6988126-6988276:MAPQ60:150=
results_align_mapqfix	SRR10377454.6797056	1	NC_008596.1	60	60	1	R2:NC_008596.1:6988127-6988277:MAPQ60:150=
results_align_mapqfix	SRR10377454.23141105	2	NC_008596.1	60	60	1	R1:NC_008596.1:6988127-6988277:MAPQ60:150=;R2:NC_008596.1:6988128-6988278:MAPQ60:150=
results_align_mapqfix	SRR10377454.2237557	2	NC_008596.1	56	57	1	R1:NC_008596.1:6988127-6988276:MAPQ57:2=1X1=1X1I1=1D2=1D2=2I85=1X51=;R2:NC_008596.1:6988139-6988286:MAPQ56:10=1X14=1X49=1X56=1X4=1X1=1I1=1I1=1X1=1I2=1X1=
results_align_mapqfix	SRR10377454.11451407	1	NC_008596.1	53	53	1	R2:NC_008596.1:6988127-6988278:MAPQ53:3=3X1D6=1X6=1X12=1X3=1X5=1X3=1X9=1X5=1X7=1X25=2X8=1X28=1X14=
results_align_mapqfix	SRR10377454.13527788	2	NC_008596.1	57	58	1	R1:NC_008596.1:6988127-6988276:MAPQ57:2=1X1=1X1I1=1D2=1D2=2I137=;R2:NC_008596.1:6988139-6988286:MAPQ58:137=1X1=1I1=1I1=1X1=1I2=1X1=
results_align_mapqfix	SRR10377454.17211247	2	NC_008596.1	55	55	1	R1:NC_008596.1:6988127-6988277:MAPQ55:1=2X2=1X3=1I1=1D3=1I1=2I3=2D1=1D2=1X125=;R2:NC_008596.1:6988152-6988293:MAPQ55:125=1I1=1I1=1I1=1X1=1I2=1X1=2I1=1I2=1X1I1=1X1=1I
results_align_mapqfix	SRR10377454.1074777	1	NC_008596.1	60	60	1	R1:NC_008596.1:6988128-6988278:MAPQ60:150=
results_align_mapqfix	SRR10377454.1313171	1	NC_008596.1	60	60	1	R1:NC_008596.1:6988128-6988278:MAPQ60:150=
results_align_mapqfix	SRR10377454.2057033	1	NC_008596.1	60	60	1	R2:NC_008596.1:6988128-6988278:MAPQ60:150=
results_align_mapqfix	SRR10377454.9071301	1	NC_008596.1	60	60	1	R1:NC_008596.1:6988128-6988278:MAPQ60:150=
results_align_mapqfix	SRR10377454.30494013	1	NC_008596.1	60	60	1	R1:NC_008596.1:6988128-6988278:MAPQ60:150=
results_align_mapqfix	SRR10377454.24979723	2	NC_008596.1	60	60	1	R1:NC_008596.1:6988130-6988280:MAPQ60:150=;R2:NC_008596.1:6988200-6988350:MAPQ60:150=
results_align_mapqfix	SRR10377454.24656424	1	NC_008596.1	60	60	1	R1:NC_008596.1:6988130-6988280:MAPQ60:95=1X54=
results_align_mapqfix	SRR10377454.24656849	1	NC_008596.1	60	60	1	R1:NC_008596.1:6988130-6988280:MAPQ60:150=
results_align_mapqfix	SRR10377454.17830037	2	NC_008596.1	51	51	1	R1:NC_008596.1:6988131-6988278:MAPQ51:1=1X1I1=1X1=1I1=2X1=3X1=1X5=1X1=2X1I2=1I1=1I2=1D2=1X1D2=1I1=1I3=2D106=;R2:NC_008596.1:6988172-6988313:MAPQ51:103=1X2=1X1=2I1=1X2=1D1=2X3=1I3=2X1=3X2=1I1=1I1=1X1I1=1I2=1I2=1X2I2=
results_align_mapqfix	SRR10377454.17831006	2	NC_008596.1	51	51	1	R1:NC_008596.1:6988131-6988278:MAPQ51:1=1X1I1=1X1=1I1=2X1=3X1=1X5=1X1=2X1I2=1I1=1I2=1D2=1X1D2=1I1=1I3=2D106=;R2:NC_008596.1:6988172-6988314:MAPQ51:106=1X1=2I1=1X3=2X1D3=1I2=3X1=2X1I1=1X2=1I1=1X1I1=1I2=1I2=1D3=2I
results_align_mapqfix	SRR10377454.26648706	1	NC_008596.1	60	60	1	R2:NC_008596.1:6988131-6988281:MAPQ60:150=
results_align_mapqfix	SRR10377454.28971101	1	NC_008596.1	60	60	1	R1:NC_008596.1:6988131-6988281:MAPQ60:150=
results_align_mapqfix	SRR10377454.11669245	2	NC_008596.1	60	60	1	R2:NC_008596.1:6988132-6988282:MAPQ60:143=1X6=;R1:NC_008596.1:6988141-6988291:MAPQ60:150=
results_align_mapqfix	SRR10377454.19326664	1	NC_008596.1	60	60	1	R1:NC_008596.1:6988132-6988282:MAPQ60:150=
results_align_mapqfix	SRR10377454.26576893	1	NC_008596.1	60	60	1	R1:NC_008596.1:6988132-6988282:MAPQ60:150=
results_align_mapqfix	SRR10377454.16075867	2	NC_008596.1	50	51	1	R2:NC_008596.1:6988132-6988278:MAPQ50:2=1I3=1I2=1D1=2X1=5X1=1I3=2I1=1I3=1I2=1D2=1X1D2=1I1=1I3=1X1D2=1D23=1X79=;R1:NC_008596.1:6988172-6988306:MAPQ51:106=1X1=2I1=2I1=1I2=2I2=1I1=1I1=2I1=2I1=1X1=2I1=1I2=2X5=2X2=
results_align_mapqfix	SRR10377454.22628137	2	NC_008596.1	58	58	1	R1:NC_008596.1:6988132-6988282:MAPQ58:2X1=1X3=1D1=1I141=;R2:NC_008596.1:6988141-6988285:MAPQ58:141=1I2=4I1=1I
results_align_mapqfix	SRR10377454.24346611	1	NC_008596.1	59	59	1	R2:NC_008596.1:6988133-6988283:MAPQ59:16=1X10=1X122=
results_align_mapqfix	SRR10377454.19874507	2	NC_008596.1	60	60	1	R2:NC_008596.1:6988134-6988284:MAPQ60:150=;R1:NC_008596.1:6988136-6988286:MAPQ60:150=
results_align_mapqfix	SRR10377454.25349179	2	NC_008596.1	60	60	1	R1:NC_008596.1:6988134-6988284:MAPQ60:150=;R2:NC_008596.1:6988170-6988320:MAPQ60:150=
results_align_mapqfix	SRR10377454.31523607	2	NC_008596.1	60	60	1	R2:NC_008596.1:6988134-6988284:MAPQ60:150=;R1:NC_008596.1:6988145-6988295:MAPQ60:150=
results_align_mapqfix	SRR10377454.31524190	2	NC_008596.1	60	60	1	R2:NC_008596.1:6988134-6988284:MAPQ60:150=;R1:NC_008596.1:6988145-6988295:MAPQ60:150=
results_align_mapqfix	SRR10377454.31524287	2	NC_008596.1	60	60	1	R2:NC_008596.1:6988134-6988284:MAPQ60:150=;R1:NC_008596.1:6988145-6988295:MAPQ60:150=
results_align_mapqfix	SRR10377454.721814	2	NC_008596.1	54	54	1	R1:NC_008596.1:6988135-6988278:MAPQ54:3=1I1=1X1=2X1I2=1X1=1X1=1I2=2X3=4I122=;R2:NC_008596.1:6988156-6988296:MAPQ54:122=1X1=2I1=1X3=3I1=2I1=1I2=1X1I1=1X1=1X2=1I
results_align_mapqfix	SRR10377454.8955269	2	NC_008596.1	54	54	1	R1:NC_008596.1:6988135-6988278:MAPQ54:3=1I1=1X1=2X1I2=1X1=1X1=1I2=2X3=4I122=;R2:NC_008596.1:6988156-6988296:MAPQ54:122=1X1=2I1=1X3=3I1=2I1=1I2=1X1I1=1X1=1X2=1I
results_align_mapqfix	SRR10377454.20746908	2	NC_008596.1	53	54	1	R1:NC_008596.1:6988135-6988278:MAPQ54:3=1I1=1X1=2X1I2=1X1=1X1=1I2=2X3=4I122=;R2:NC_008596.1:6988156-6988296:MAPQ53:18=1X28=1X74=1X1=2I1=1X3=3I1=2I1=1I2=1X1I1=1X1=1X2=1I
results_align_mapqfix	SRR10377454.20747949	2	NC_008596.1	53	54	1	R1:NC_008596.1:6988135-6988278:MAPQ54:3=1I1=1X1=2X1I2=1X1=1X1=1I2=2X3=4I122=;R2:NC_008596.1:6988156-6988296:MAPQ53:18=1X28=1X74=1X1=2I1=1X3=3I1=2I1=1I2=1X1I1=1X1=1X2=1I
results_align_mapqfix	SRR10377454.1975085	2	NC_008596.1	60	60	1	R1:NC_008596.1:6988136-6988286:MAPQ60:150=;R2:NC_008596.1:6988172-6988322:MAPQ60:150=
results_align_mapqfix	SRR10377454.12637325	2	NC_008596.1	60	60	1	R1:NC_008596.1:6988136-6988286:MAPQ60:150=;R2:NC_008596.1:6988172-6988322:MAPQ60:150=
results_align_mapqfix	SRR10377454.12640639	2	NC_008596.1	59	60	1	R1:NC_008596.1:6988136-6988286:MAPQ60:150=;R2:NC_008596.1:6988172-6988322:MAPQ59:127=1X15=1X6=
results_align_mapqfix	SRR10377454.31278278	1	NC_008596.1	60	60	1	R1:NC_008596.1:6988136-6988286:MAPQ60:150=
results_align_mapqfix	SRR10377454.19789125	2	NC_008596.1	57	58	1	R2:NC_008596.1:6988137-6988287:MAPQ57:1=1X2=1I1=2I3=2D1=1D2=1X135=;R1:NC_008596.1:6988152-6988301:MAPQ58:135=1X1=2X2=1X2=1I1=1X3=
results_align_mapqfix	SRR10377454.21684855	1	NC_008596.1	60	60	1	R1:NC_008596.1:6988137-6988287:MAPQ60:150=
results_align_mapqfix	SRR10377454.25928342	1	NC_008596.1	58	58	1	R2:NC_008596.1:6988137-6988287:MAPQ58:23=1X8=1X4=1X57=1X54=
results_align_mapqfix	SRR10377454.28057677	1	NC_008596.1	60	60	1	R2:NC_008596.1:6988137-6988287:MAPQ60:150=
results_align_mapqfix	SRR10377454.1112175	2	NC_008596.1	54	55	1	R1:NC_008596.1:6988138-6988280:MAPQ55:1=1X1=2X1I2=1X1=1X1=1I2=2I2=3I1=1I126=;R2:NC_008596.1:6988154-6988293:MAPQ54:126=1X1I1=2I1=1I2=3I1=2I1=1I2=1X1I1=1X1=
results_align_mapqfix	SRR10377454.1112452	2	NC_008596.1	54	55	1	R1:NC_008596.1:6988138-6988280:MAPQ55:1=1X1=2X1I2=1X1=1X1=1I2=2I2=3I1=1I126=;R2:NC_008596.1:6988154-6988293:MAPQ54:126=1X1I1=2I1=1I2=3I1=2I1=1I2=1X1I1=1X1=
results_align_mapqfix	SRR10377454.15160743	2	NC_008596.1	54	55	1	R1:NC_008596.1:6988138-6988280:MAPQ55:1=1X1=2X1I2=1X1=1X1=1I2=2I2=3I1=1I126=;R2:NC_008596.1:6988154-6988293:MAPQ54:126=1X1I1=2I1=1I2=3I1=2I1=1I2=1X1I1=1X1=
results_align_mapqfix	SRR10377454.12808275	2	NC_008596.1	60	60	1	R1:NC_008596.1:6988140-6988290:MAPQ60:150=;R2:NC_008596.1:6988198-6988348:MAPQ60:150=
results_align_mapqfix	SRR10377454.12808520	2	NC_008596.1	60	60	1	R1:NC_008596.1:6988140-6988290:MAPQ60:150=;R2:NC_008596.1:6988198-6988348:MAPQ60:150=
results_align_mapqfix	SRR10377454.28472809	2	NC_008596.1	44	46	1	R1:NC_008596.1:6988140-6988282:MAPQ46:2X1=2X1=1X2=3X2=1D2=1D3=1X2=3I1=2X1=1X1=1X1I2=1I3=2X1=2I3=1X3=2X1=1I1=1I1=1I3=2D3=1I1=1I82=;R2:NC_008596.1:6988200-6988339:MAPQ44:82=1I2=1X1=2X2I1=1X3=1I1=2X2I1=2X1I1=1X2=1D1=1I2=1I2=1I1=1X1I3=2D1=1X1I2=1X2=2X1=1X1=1I1=5X1=1X1I1=1X1=
results_align_mapqfix	SRR10377454.31894109	2	NC_008596.1	51	51	1	R2:NC_008596.1:6988140-6988278:MAPQ51:1=1X3=1X2=1D2=2I3=1I1=3X1=1X1I1=1I1=1I2=1X2=1I3=4I1=1I1=1I12=1X93=;R1:NC_008596.1:6988172-6988306:MAPQ51:106=1X1=2I1=2I1=1I2=2I2=1I1=1I1=2I1=2I1=1X1=2I1=1I2=2X5=2X2=
results_align_mapqfix	SRR10377454.482162	1	NC_008596.1	60	60	1	R1:NC_008596.1:6988141-6988291:MAPQ60:150=
results_align_mapqfix	SRR10377454.482529	1	NC_008596.1	60	60	1	R1:NC_008596.1:6988141-6988291:MAPQ60:150=
results_align_mapqfix	SRR10377454.482617	1	NC_008596.1	60	60	1	R1:NC_008596.1:6988141-6988291:MAPQ60:150=
results_align_mapqfix	SRR10377454.482890	1	NC_008596.1	60	60	1	R1:NC_008596.1:6988141-6988291:MAPQ60:150=
results_align_mapqfix	SRR10377454.801680	1	NC_008596.1	60	60	1	R1:NC_008596.1:6988141-6988291:MAPQ60:150=
results_align_mapqfix	SRR10377454.4204682	2	NC_008596.1	58	60	1	R2:NC_008596.1:6988141-6988291:MAPQ58:46=1X23=1X5=1X52=1X20=;R1:NC_008596.1:6988185-6988335:MAPQ60:150=
results_align_mapqfix	SRR10377454.5443077	2	NC_008596.1	60	60	1	R2:NC_008596.1:6988141-6988291:MAPQ60:150=;R1:NC_008596.1:6988164-6988314:MAPQ60:150=
results_align_mapqfix	SRR10377454.7693766	1	NC_008596.1	60	60	1	R2:NC_008596.1:6988141-6988291:MAPQ60:150=
results_align_mapqfix	SRR10377454.7998400	1	NC_008596.1	58	58	1	R2:NC_008596.1:6988141-6988291:MAPQ58:6=1X42=1X14=1X4=1X70=1X9=
results_align_mapqfix	SRR10377454.10991918	1	NC_008596.1	60	60	1	R2:NC_008596.1:6988141-6988291:MAPQ60:150=
results_align_mapqfix	SRR10377454.12522170	2	NC_008596.1	60	60	1	R2:NC_008596.1:6988141-6988291:MAPQ60:150=;R1:NC_008596.1:6988158-6988308:MAPQ60:150=
results_align_mapqfix	SRR10377454.13803886	2	NC_008596.1	60	60	1	R2:NC_008596.1:6988141-6988291:MAPQ60:150=;R1:NC_008596.1:6988202-6988352:MAPQ60:150=
results_align_mapqfix	SRR10377454.14629881	1	NC_008596.1	60	60	1	R1:NC_008596.1:6988141-6988291:MAPQ60:150=
results_align_mapqfix	SRR10377454.14630390	1	NC_008596.1	60	60	1	R1:NC_008596.1:6988141-6988291:MAPQ60:150=
results_align_mapqfix	SRR10377454.16201260	2	NC_008596.1	60	60	1	R1:NC_008596.1:6988141-6988291:MAPQ60:150=;R2:NC_008596.1:6988157-6988307:MAPQ60:150=
results_align_mapqfix	SRR10377454.17148161	1	NC_008596.1	58	58	1	R2:NC_008596.1:6988141-6988291:MAPQ58:72=1X45=1X15=1X2=1X12=
results_align_mapqfix	SRR10377454.18111586	2	NC_008596.1	60	60	1	R2:NC_008596.1:6988141-6988291:MAPQ60:115=1X34=;R1:NC_008596.1:6988164-6988314:MAPQ60:150=
results_align_mapqfix	SRR10377454.18683988	2	NC_008596.1	60	60	1	R2:NC_008596.1:6988141-6988291:MAPQ60:150=;R1:NC_008596.1:6988204-6988354:MAPQ60:150=
results_align_mapqfix	SRR10377454.19198709	1	NC_008596.1	60	60	1	R1:NC_008596.1:6988141-6988291:MAPQ60:150=
results_align_mapqfix	SRR10377454.19349729	1	NC_008596.1	60	60	1	R1:NC_008596.1:6988141-6988291:MAPQ60:150=
results_align_mapqfix	SRR10377454.22922870	2	NC_008596.1	60	60	1	R2:NC_008596.1:6988141-6988291:MAPQ60:150=;R1:NC_008596.1:6988185-6988335:MAPQ60:150=
results_align_mapqfix	SRR10377454.25278049	2	NC_008596.1	60	60	1	R1:NC_008596.1:6988141-6988291:MAPQ60:150=;R2:NC_008596.1:6988157-6988307:MAPQ60:150=
results_align_mapqfix	SRR10377454.27346008	1	NC_008596.1	60	60	1	R2:NC_008596.1:6988141-6988291:MAPQ60:150=
results_align_mapqfix	SRR10377454.29519403	2	NC_008596.1	60	60	1	R1:NC_008596.1:6988141-6988291:MAPQ60:150=;R2:NC_008596.1:6988172-6988322:MAPQ60:23=1X126=
results_align_mapqfix	SRR10377454.1270745	2	NC_008596.1	60	60	1	R1:NC_008596.1:6988142-6988292:MAPQ60:150=;R2:NC_008596.1:6988164-6988314:MAPQ60:150=
results_align_mapqfix	SRR10377454.12714528	1	NC_008596.1	60	60	1	R2:NC_008596.1:6988142-6988292:MAPQ60:150=
results_align_mapqfix	SRR10377454.13345662	2	NC_008596.1	60	60	1	R2:NC_008596.1:6988142-6988292:MAPQ60:150=;R1:NC_008596.1:6988206-6988356:MAPQ60:150=
results_align_mapqfix	SRR10377454.20814152	2	NC_008596.1	59	60	1	R1:NC_008596.1:6988142-6988292:MAPQ60:150=;R2:NC_008596.1:6988182-6988332:MAPQ59:102=1X28=1X9=1X8=
results_align_mapqfix	SRR10377454.21976508	2	NC_008596.1	60	60	1	R2:NC_008596.1:6988142-6988292:MAPQ60:150=;R1:NC_008596.1:6988194-6988344:MAPQ60:150=
results_align_mapqfix	SRR10377454.22786688	2	NC_008596.1	60	60	1	R2:NC_008596.1:6988142-6988292:MAPQ60:150=;R1:NC_008596.1:6988164-6988314:MAPQ60:150=
results_align_mapqfix	SRR10377454.25929528	1	NC_008596.1	60	60	1	R2:NC_008596.1:6988142-6988292:MAPQ60:150=
results_align_mapqfix	SRR10377454.30731809	1	NC_008596.1	59	59	1	R2:NC_008596.1:6988142-6988292:MAPQ59:53=1X79=1X16=
results_align_mapqfix	SRR10377454.30731891	1	NC_008596.1	60	60	1	R2:NC_008596.1:6988142-6988292:MAPQ60:150=
results_align_mapqfix	SRR10377454.6899691	1	NC_008596.1	58	58	1	R2:NC_008596.1:6988143-6988293:MAPQ58:69=1X11=1X46=1X3=1X7=1X9=
results_align_mapqfix	SRR10377454.20391799	1	NC_008596.1	60	60	1	R1:NC_008596.1:6988144-6988294:MAPQ60:150=
results_align_mapqfix	SRR10377454.16375145	2	NC_008596.1	60	60	1	R2:NC_008596.1:6988145-6988295:MAPQ60:150=;R1:NC_008596.1:6988173-6988323:MAPQ60:150=
results_align_mapqfix	SRR10377454.16375642	2	NC_008596.1	60	60	1	R2:NC_008596.1:6988145-6988295:MAPQ60:150=;R1:NC_008596.1:6988173-6988323:MAPQ60:150=
results_align_mapqfix	SRR10377454.22301494	2	NC_008596.1	58	60	1	R1:NC_008596.1:6988145-6988295:MAPQ60:150=;R2:NC_008596.1:6988173-6988323:MAPQ58:7=1X31=1X7=1X4=1X70=1X2=1X23=
results_align_mapqfix	SRR10377454.26703520	1	NC_008596.1	60	60	1	R2:NC_008596.1:6988145-6988295:MAPQ60:150=
results_align_mapqfix	SRR10377454.26198995	1	NC_008596.1	7	7	0	R2:NC_008596.1:6988149-6988262:MAPQ7:2=2I4=3X1=1X2=1X1=2I2=1X3=1X2=2I2=1I3=1I7=1I1=2I1=1I1=3X2I2=1X1=1D1=1I1=2X1I3=1I2=1D1=1I2=1X2I4=1I1=1I3=1I11=1X2I2=1I2=1X1=2I1=1X1=1D1=1X1=1X2=1X2I2=1I1=1I1=2I1=1I1=1X1=1I3=2I2=1I2=1I
results_align_mapqfix	SRR10377454.23677109	1	NC_008596.1	60	60	1	R2:NC_008596.1:6988150-6988300:MAPQ60:150=
results_align_mapqfix	SRR10377454.2832754	1	NC_008596.1	6	6	0	R2:NC_008596.1:6988150-6988289:MAPQ6:2=2I5=1D1=1X1D3=1X1=2X4=1X1I3=3I2=1X1=1X1I5=2X1I2=2X2=2I2=1X4=1X1D3=1X2=2X1D1=1X3=1X1D1=3D2=2D2=1D7=1D1=1X2=1X3=1I1=1X2=1X1=1X1=1I1=1X2=1I2=1I1=2X1I2=1I4=1X1I1=1X2I1=2I1=1X1=2X1=1D1=1X2=1X1I3=1I1=1I
results_align_mapqfix	SRR10377454.2814566	2	NC_008596.1	60	60	1	R2:NC_008596.1:6988151-6988301:MAPQ60:150=;R1:NC_008596.1:6988172-6988322:MAPQ60:150=
results_align_mapqfix	SRR10377454.7261896	2	NC_008596.1	60	60	1	R2:NC_008596.1:6988151-6988301:MAPQ60:150=;R1:NC_008596.1:6988172-6988322:MAPQ60:150=
results_align_mapqfix	SRR10377454.7261987	2	NC_008596.1	60	60	1	R2:NC_008596.1:6988151-6988301:MAPQ60:150=;R1:NC_008596.1:6988172-6988322:MAPQ60:150=
results_align_mapqfix	SRR10377454.15170949	1	NC_008596.1	59	59	1	R1:NC_008596.1:6988151-6988301:MAPQ59:52=1X53=1X43=
results_align_mapqfix	SRR10377454.23175867	1	NC_008596.1	60	60	1	R2:NC_008596.1:6988151-6988301:MAPQ60:150=
results_align_mapqfix	SRR10377454.25068573	1	NC_008596.1	60	60	1	R2:NC_008596.1:6988151-6988301:MAPQ60:130=1X19=
results_align_mapqfix	SRR10377454.25068821	1	NC_008596.1	50	50	1	R2:NC_008596.1:6988151-6988301:MAPQ50:31=1X3=1X14=2X3=2X25=1X5=1X3=1X4=1X3=2X2=1X3=1X2=1X5=2X5=1X1=1X2=1X5=1X3=1X2=1X2=1X3=
results_align_mapqfix	SRR10377454.22844016	1	NC_008596.1	60	60	1	R1:NC_008596.1:6988151-6988301:MAPQ60:6=1X143=
results_align_mapqfix	SRR10377454.25360982	2	NC_008596.1	56	57	1	R2:NC_008596.1:6988151-6988302:MAPQ57:1=2X2=2X1=1X4=1I2=1D1=1D133=;R1:NC_008596.1:6988169-6988312:MAPQ56:133=1X3=1I1=1I1=4I1=1X1I2=
results_align_mapqfix	SRR10377454.25362009	2	NC_008596.1	56	57	1	R2:NC_008596.1:6988151-6988302:MAPQ57:1=2X2=2X1=1X4=1I2=1D1=1D133=;R1:NC_008596.1:6988169-6988312:MAPQ56:133=1X3=1I1=1I1=4I1=1X1I2=
results_align_mapqfix	SRR10377454.25462040	2	NC_008596.1	56	56	1	R2:NC_008596.1:6988151-6988302:MAPQ56:1=2X2=2X1=1X4=1I2=1D1=1D31=1X101=;R1:NC_008596.1:6988169-6988312:MAPQ56:31=1X101=1X3=1I1=1I1=4I1=1X1I2=
results_align_mapqfix	SRR10377454.32205728	2	NC_008596.1	53	54	1	R1:NC_008596.1:6988151-6988300:MAPQ54:2X1=1X2=1I1=1X1D2=1X1=1X3=1X1=1X1=4X3=1X2=1I118=;R2:NC_008596.1:6988182-6988317:MAPQ53:118=1X1I1=2I3=1X2=1I1=1I1=5I1=1X4=4I1=1I
results_align_mapqfix	SRR10377454.32206067	2	NC_008596.1	53	54	1	R1:NC_008596.1:6988151-6988300:MAPQ54:2X1=1X2=1I1=1X1D2=1X1=1X3=1X1=1X1=4X3=1X2=1I118=;R2:NC_008596.1:6988182-6988317:MAPQ53:118=1X1I1=2I3=1X2=1I1=1I1=5I1=1X4=4I1=1I
results_align_mapqfix	SRR10377454.32233777	2	NC_008596.1	52	53	1	R1:NC_008596.1:6988151-6988300:MAPQ53:2X1=1X2=1I1=1X1D2=1X1=1X3=1X1=1X1=4X3=1X2=1I102=1X15=;R2:NC_008596.1:6988182-6988317:MAPQ52:102=1X15=1X1I1=2I3=1X2=1I1=1I1=5I1=1X4=4I1=1I
results_align_mapqfix	SRR10377454.2117445	2	NC_008596.1	60	60	1	R1:NC_008596.1:6988152-6988302:MAPQ60:150=;R2:NC_008596.1:6988185-6988335:MAPQ60:150=
results_align_mapqfix	SRR10377454.3396946	1	NC_008596.1	60	60	1	R1:NC_008596.1:6988152-6988302:MAPQ60:150=
results_align_mapqfix	SRR10377454.11910891	1	NC_008596.1	60	60	1	R2:NC_008596.1:6988152-6988302:MAPQ60:150=
results_align_mapqfix	SRR10377454.31319617	1	NC_008596.1	60	60	1	R1:NC_008596.1:6988152-6988302:MAPQ60:150=
results_align_mapqfix	SRR10377454.31319773	1	NC_008596.1	60	60	1	R1:NC_008596.1:6988152-6988302:MAPQ60:150=
results_align_mapqfix	SRR10377454.11586122	1	NC_008596.1	59	59	1	R2:NC_008596.1:6988153-6988303:MAPQ59:118=1X3=1X7=1X19=
results_align_mapqfix	SRR10377454.21995841	1	NC_008596.1	60	60	1	R2:NC_008596.1:6988153-6988303:MAPQ60:150=
results_align_mapqfix	SRR10377454.31944998	1	NC_008596.1	60	60	1	R1:NC_008596.1:6988153-6988303:MAPQ60:150=
results_align_mapqfix	SRR10377454.21268454	1	NC_008596.1	60	60	1	R2:NC_008596.1:6988153-6988303:MAPQ60:150=
results_align_mapqfix	SRR10377454.8246249	1	NC_008596.1	57	57	1	R1:NC_008596.1:6988154-6988304:MAPQ57:5=1X13=1D2=1I5=1X4=1X6=1X2=1X10=1X96=
results_align_mapqfix	SRR10377454.9119120	1	NC_008596.1	60	60	1	R1:NC_008596.1:6988154-6988304:MAPQ60:150=
results_align_mapqfix	SRR10377454.24311053	2	NC_008596.1	51	52	1	R1:NC_008596.1:6988154-6988303:MAPQ52:1X1=1I3=1X1=1X1I1=1I1=2X2=1D1=1D1=1X3=2X2=1X1=1I1=2X2=1D1=1X1=1X111=;R2:NC_008596.1:6988193-6988341:MAPQ51:110=1D1=1D2=1D1=1D5=1X2I1=1I2=1I1=2X1=5X1I1=1X1=1X1=1I1=1D4=1I1=
results_align_mapqfix	SRR10377454.11216982	1	NC_008596.1	60	60	1	R1:NC_008596.1:6988155-6988305:MAPQ60:150=
results_align_mapqfix	SRR10377454.21282038	1	NC_008596.1	60	60	1	R1:NC_008596.1:6988155-6988305:MAPQ60:150=
results_align_mapqfix	SRR10377454.21282391	1	NC_008596.1	60	60	1	R1:NC_008596.1:6988155-6988305:MAPQ60:150=
results_align_mapqfix	SRR10377454.14127046	1	NC_008596.1	60	60	1	R2:NC_008596.1:6988156-6988306:MAPQ60:150=
results_align_mapqfix	SRR10377454.11442029	1	NC_008596.1	58	58	1	R2:NC_008596.1:6988156-6988306:MAPQ58:28=1X6=1X3=1X15=1X7=1X4=1X81=
results_align_mapqfix	SRR10377454.12758022	1	NC_008596.1	60	60	1	R1:NC_008596.1:6988156-6988306:MAPQ60:150=
results_align_mapqfix	SRR10377454.12758114	1	NC_008596.1	60	60	1	R1:NC_008596.1:6988156-6988306:MAPQ60:150=
results_align_mapqfix	SRR10377454.4227419	1	NC_008596.1	60	60	1	R2:NC_008596.1:6988157-6988307:MAPQ60:150=
results_align_mapqfix	SRR10377454.5276695	1	NC_008596.1	60	60	1	R2:NC_008596.1:6988157-6988307:MAPQ60:150=
results_align_mapqfix	SRR10377454.29030526	1	NC_008596.1	60	60	1	R2:NC_008596.1:6988157-6988307:MAPQ60:18=1X131=
results_align_mapqfix	SRR10377454.12344472	2	NC_008596.1	58	58	1	R2:NC_008596.1:6988157-6988304:MAPQ58:1X1=1X4=1I2=2I138=;R1:NC_008596.1:6988165-6988316:MAPQ58:140=1D2=1D1=1D5=2I
results_align_mapqfix	SRR10377454.12346316	2	NC_008596.1	58	58	1	R2:NC_008596.1:6988157-6988304:MAPQ58:1X1=1X4=1I2=2I138=;R1:NC_008596.1:6988165-6988316:MAPQ58:140=1D2=1D1=1D5=2I
results_align_mapqfix	SRR10377454.23967650	2	NC_008596.1	54	54	1	R2:NC_008596.1:6988158-6988300:MAPQ54:2=1I2=2X2=1X1D4=1X1I3=1I1=1I1=1X1=4I2=1I118=;R1:NC_008596.1:6988182-6988320:MAPQ54:118=1X1I1=2I3=1X2=1I1=1X1I3=3I3=1I2=3I2=
results_align_mapqfix	SRR10377454.30927134	2	NC_008596.1	60	60	1	R2:NC_008596.1:6988159-6988309:MAPQ60:150=;R1:NC_008596.1:6988201-6988351:MAPQ60:150=
results_align_mapqfix	SRR10377454.4660140	2	NC_008596.1	50	50	1	R2:NC_008596.1:6988159-6988298:MAPQ50:2=1X2=1X2=1X1=1X2=1I1=1I2=1I1=2I1=1I1=1X1I2=1I2=1X1I2=1X2=2I1=1X2I3=2D3=1I1=1X1=1D95=;R1:NC_008596.1:6988202-6988341:MAPQ50:96=1D1=1X1=2I3=1X2=1I1=1X1I3=3I3=1D3=3I2=1I1=1X1=1I2=1X1=3X1=1X1D2=1I2=1I2=
results_align_mapqfix	SRR10377454.19673139	2	NC_008596.1	49	50	1	R2:NC_008596.1:6988159-6988298:MAPQ50:2=1X2=1X2=1X1=1X2=1I1=1I2=1I1=2I1=1I1=1X1I2=1I2=1X1I2=1X2=2I1=1I1=1I3=2D3=1I1=1X1=1D95=;R1:NC_008596.1:6988202-6988341:MAPQ49:96=1D1=1X1=2I3=1X2=1I1=1D2=2D1=1X1I3=3I5=2I3=1I1=2X1=3X1=1I1=2I1=1I2=1I2=
results_align_mapqfix	SRR10377454.19829185	2	NC_008596.1	49	50	1	R2:NC_008596.1:6988159-6988298:MAPQ50:2=1X2=1X2=1X1=1X2=1I1=1I2=1I1=2I1=1I1=1X1I2=1I2=1X1I2=1X2=2I1=1I1=1I3=2D3=1I1=1X1=1D95=;R1:NC_008596.1:6988202-6988341:MAPQ49:48=1X24=1X22=1D1=1X1=2I3=1X2=1I1=1X1I3=3I3=1D3=3I2=1I1=1X1=1I2=1X1=3X1=1X1D2=1I2=1I2=
results_align_mapqfix	SRR10377454.29155014	1	NC_008596.1	60	60	1	R2:NC_008596.1:6988159-6988309:MAPQ60:39=1X110=
results_align_mapqfix	SRR10377454.29155871	1	NC_008596.1	60	60	1	R2:NC_008596.1:6988159-6988309:MAPQ60:150=
results_align_mapqfix	SRR10377454.3415673	1	NC_008596.1	59	59	1	R1:NC_008596.1:6988160-6988310:MAPQ59:24=1X13=1X111=
results_align_mapqfix	SRR10377454.9547430	2	NC_008596.1	60	60	1	R2:NC_008596.1:6988160-6988310:MAPQ60:150=;R1:NC_008596.1:6988172-6988322:MAPQ60:150=
results_align_mapqfix	SRR10377454.11970678	2	NC_008596.1	60	60	1	R2:NC_008596.1:6988160-6988310:MAPQ60:150=;R1:NC_008596.1:6988172-6988322:MAPQ60:150=
results_align_mapqfix	SRR10377454.19749552	1	NC_008596.1	60	60	1	R2:NC_008596.1:6988160-6988310:MAPQ60:150=
results_align_mapqfix	SRR10377454.2314186	1	NC_008596.1	60	60	1	R1:NC_008596.1:6988161-6988311:MAPQ60:150=
results_align_mapqfix	SRR10377454.2414115	1	NC_008596.1	60	60	1	R1:NC_008596.1:6988161-6988311:MAPQ60:138=1X11=
results_align_mapqfix	SRR10377454.2506255	2	NC_008596.1	58	60	1	R1:NC_008596.1:6988161-6988311:MAPQ60:150=;R2:NC_008596.1:6988167-6988317:MAPQ58:50=1X14=1X17=1X5=1X60=
results_align_mapqfix	SRR10377454.2506336	2	NC_008596.1	60	60	1	R1:NC_008596.1:6988161-6988311:MAPQ60:150=;R2:NC_008596.1:6988167-6988317:MAPQ60:150=
results_align_mapqfix	SRR10377454.5559955	2	NC_008596.1	60	60	1	R1:NC_008596.1:6988161-6988311:MAPQ60:150=;R2:NC_008596.1:6988208-6988358:MAPQ60:150=
results_align_mapqfix	SRR10377454.6526283	1	NC_008596.1	60	60	1	R1:NC_008596.1:6988161-6988311:MAPQ60:150=
results_align_mapqfix	SRR10377454.6751715	1	NC_008596.1	60	60	1	R1:NC_008596.1:6988161-6988311:MAPQ60:150=
results_align_mapqfix	SRR10377454.13383573	1	NC_008596.1	60	60	1	R1:NC_008596.1:6988161-6988311:MAPQ60:139=1X10=
results_align_mapqfix	SRR10377454.20097773	1	NC_008596.1	60	60	1	R1:NC_008596.1:6988161-6988311:MAPQ60:150=
results_align_mapqfix	SRR10377454.22036178	1	NC_008596.1	58	58	1	R2:NC_008596.1:6988161-6988311:MAPQ58:1X30=1X48=1X45=1X14=1X8=
results_align_mapqfix	SRR10377454.27933910	2	NC_008596.1	60	60	1	R2:NC_008596.1:6988161-6988311:MAPQ60:150=;R1:NC_008596.1:6988203-6988353:MAPQ60:150=
results_align_mapqfix	SRR10377454.13583917	1	NC_008596.1	60	60	1	R2:NC_008596.1:6988162-6988312:MAPQ60:150=
results_align_mapqfix	SRR10377454.23446186	1	NC_008596.1	60	60	1	R1:NC_008596.1:6988162-6988312:MAPQ60:150=
results_align_mapqfix	SRR10377454.17874674	1	NC_008596.1	60	60	1	R2:NC_008596.1:6988163-6988313:MAPQ60:148=1X1=
results_align_mapqfix	SRR10377454.130295	1	NC_008596.1	60	60	1	R2:NC_008596.1:6988164-6988314:MAPQ60:150=
results_align_mapqfix	SRR10377454.7287349	1	NC_008596.1	60	60	1	R1:NC_008596.1:6988165-6988315:MAPQ60:150=
results_align_mapqfix	SRR10377454.10531033	1	NC_008596.1	60	60	1	R1:NC_008596.1:6988165-6988315:MAPQ60:150=
results_align_mapqfix	SRR10377454.3836709	1	NC_008596.1	60	60	1	R1:NC_008596.1:6988166-6988316:MAPQ60:150=
results_align_mapqfix	SRR10377454.9642346	1	NC_008596.1	60	60	1	R1:NC_008596.1:6988166-6988316:MAPQ60:150=
results_align_mapqfix	SRR10377454.9642501	1	NC_008596.1	60	60	1	R1:NC_008596.1:6988166-6988316:MAPQ60:150=
results_align_mapqfix	SRR10377454.9650361	1	NC_008596.1	60	60	1	R1:NC_008596.1:6988166-6988316:MAPQ60:150=
results_align_mapqfix	SRR10377454.18491717	1	NC_008596.1	60	60	1	R1:NC_008596.1:6988167-6988317:MAPQ60:150=
results_align_mapqfix	SRR10377454.24673783	2	NC_008596.1	58	58	1	R1:NC_008596.1:6988167-6988314:MAPQ58:3=1X1=1X2=1I1=1I2=1I136=;R2:NC_008596.1:6988175-6988324:MAPQ58:140=1I3=5X1=
results_align_mapqfix	SRR10377454.13456742	1	NC_008596.1	60	60	1	R1:NC_008596.1:6988168-6988318:MAPQ60:150=
results_align_mapqfix	SRR10377454.6634650	1	NC_008596.1	60	60	1	R1:NC_008596.1:6988169-6988319:MAPQ60:150=
results_align_mapqfix	SRR10377454.6635398	1	NC_008596.1	60	60	1	R1:NC_008596.1:6988169-6988319:MAPQ60:52=1X97=
results_align_mapqfix	SRR10377454.18016873	1	NC_008596.1	60	60	1	R1:NC_008596.1:6988169-6988319:MAPQ60:150=
results_align_mapqfix	SRR10377454.19280434	1	NC_008596.1	60	60	1	R2:NC_008596.1:6988169-6988319:MAPQ60:150=
results_align_mapqfix	SRR10377454.5987287	2	NC_008596.1	60	60	1	R2:NC_008596.1:6988170-6988320:MAPQ60:150=;R1:NC_008596.1:6988207-6988357:MAPQ60:150=
results_align_mapqfix	SRR10377454.15087690	2	NC_008596.1	60	60	1	R1:NC_008596.1:6988170-6988320:MAPQ60:150=;R2:NC_008596.1:6988194-6988344:MAPQ60:150=
results_align_mapqfix	SRR10377454.20563999	2	NC_008596.1	59	60	1	R2:NC_008596.1:6988170-6988320:MAPQ59:57=1X77=1X14=;R1:NC_008596.1:6988194-6988344:MAPQ60:150=
results_align_mapqfix	SRR10377454.27793656	1	NC_008596.1	60	60	1	R1:NC_008596.1:6988170-6988320:MAPQ60:150=
results_align_mapqfix	SRR10377454.1478305	1	NC_008596.1	60	60	1	R1:NC_008596.1:6988171-6988321:MAPQ60:116=1X33=
results_align_mapqfix	SRR10377454.9701833	1	NC_008596.1	60	60	1	R2:NC_008596.1:6988171-6988321:MAPQ60:150=
results_align_mapqfix	SRR10377454.11520272	1	NC_008596.1	60	60	1	R2:NC_008596.1:6988171-6988321:MAPQ60:150=
results_align_mapqfix	SRR10377454.11521029	1	NC_008596.1	60	60	1	R2:NC_008596.1:6988171-6988321:MAPQ60:150=
results_align_mapqfix	SRR10377454.21078061	1	NC_008596.1	60	60	1	R1:NC_008596.1:6988171-6988321:MAPQ60:150=
results_align_mapqfix	SRR10377454.21078764	1	NC_008596.1	60	60	1	R1:NC_008596.1:6988171-6988321:MAPQ60:150=
results_align_mapqfix	SRR10377454.21420722	1	NC_008596.1	60	60	1	R1:NC_008596.1:6988171-6988321:MAPQ60:150=
results_align_mapqfix	SRR10377454.21556581	1	NC_008596.1	60	60	1	R2:NC_008596.1:6988171-6988321:MAPQ60:150=
results_align_mapqfix	SRR10377454.22097633	2	NC_008596.1	60	60	1	R1:NC_008596.1:6988171-6988321:MAPQ60:150=;R2:NC_008596.1:6988205-6988355:MAPQ60:150=
results_align_mapqfix	SRR10377454.29846757	1	NC_008596.1	60	60	1	R2:NC_008596.1:6988171-6988321:MAPQ60:150=
results_align_mapqfix	SRR10377454.20525434	1	NC_008596.1	60	60	1	R1:NC_008596.1:6988172-6988322:MAPQ60:150=
results_align_mapqfix	SRR10377454.21913792	1	NC_008596.1	60	60	1	R1:NC_008596.1:6988172-6988322:MAPQ60:150=
results_align_mapqfix	SRR10377454.31132993	1	NC_008596.1	60	60	1	R2:NC_008596.1:6988173-6988323:MAPQ60:150=
results_align_mapqfix	SRR10377454.3612400	2	NC_008596.1	60	60	1	R2:NC_008596.1:6988175-6988325:MAPQ60:150=;R1:NC_008596.1:6988177-6988327:MAPQ60:150=
results_align_mapqfix	SRR10377454.3613347	2	NC_008596.1	60	60	1	R2:NC_008596.1:6988175-6988325:MAPQ60:150=;R1:NC_008596.1:6988177-6988327:MAPQ60:150=
results_align_mapqfix	SRR10377454.9893834	1	NC_008596.1	60	60	1	R2:NC_008596.1:6988175-6988325:MAPQ60:150=
results_align_mapqfix	SRR10377454.9893923	1	NC_008596.1	60	60	1	R2:NC_008596.1:6988175-6988325:MAPQ60:150=
results_align_mapqfix	SRR10377454.14273919	1	NC_008596.1	60	60	1	R1:NC_008596.1:6988175-6988325:MAPQ60:150=
results_align_mapqfix	SRR10377454.19125648	1	NC_008596.1	60	60	1	R2:NC_008596.1:6988175-6988325:MAPQ60:150=
results_align_mapqfix	SRR10377454.25774055	2	NC_008596.1	60	60	1	R1:NC_008596.1:6988175-6988325:MAPQ60:150=;R2:NC_008596.1:6988206-6988356:MAPQ60:150=
results_align_mapqfix	SRR10377454.28329188	1	NC_008596.1	60	60	1	R1:NC_008596.1:6988175-6988325:MAPQ60:150=
results_align_mapqfix	SRR10377454.20374109	2	NC_008596.1	54	54	1	R2:NC_008596.1:6988176-6988325:MAPQ54:1X1=1X4=1X1I2=1X2=2I1=1I1=1I3=2D3=1X1D1=1D122=;R1:NC_008596.1:6988204-6988349:MAPQ54:122=2X1=1D2=1D2=1X2=1X1=1D3=1I2=2I1=2I1=1I1=2I
results_align_mapqfix	SRR10377454.8244612	1	NC_008596.1	57	57	1	R2:NC_008596.1:6988177-6988327:MAPQ57:5=1X40=1X28=1X16=1X14=1X14=1X5=1X21=
results_align_mapqfix	SRR10377454.31760667	1	NC_008596.1	60	60	1	R1:NC_008596.1:6988177-6988327:MAPQ60:150=
results_align_mapqfix	SRR10377454.8169276	1	NC_008596.1	60	60	1	R2:NC_008596.1:6988178-6988328:MAPQ60:150=
results_align_mapqfix	SRR10377454.30735846	1	NC_008596.1	59	59	1	R2:NC_008596.1:6988178-6988328:MAPQ59:127=1X19=1X2=
results_align_mapqfix	SRR10377454.1544948	1	NC_008596.1	60	60	1	R1:NC_008596.1:6988180-6988330:MAPQ60:150=
results_align_mapqfix	SRR10377454.11771771	1	NC_008596.1	60	60	1	R1:NC_008596.1:6988180-6988330:MAPQ60:150=
results_align_mapqfix	SRR10377454.11783650	1	NC_008596.1	60	60	1	R1:NC_008596.1:6988180-6988330:MAPQ60:138=1X11=
results_align_mapqfix	SRR10377454.20002571	1	NC_008596.1	60	60	1	R2:NC_008596.1:6988181-6988331:MAPQ60:150=
results_align_mapqfix	SRR10377454.22785932	1	NC_008596.1	60	60	1	R2:NC_008596.1:6988181-6988331:MAPQ60:150=
results_align_mapqfix	SRR10377454.5398510	2	NC_008596.1	52	54	1	R1:NC_008596.1:6988181-6988322:MAPQ54:1=1X1I3=2X1=1I3=1D1=1I4=2X1I2=1I2=3I2=1I1=1I115=;R2:NC_008596.1:6988207-6988347:MAPQ52:115=1X1I1=1I1=2I1=3X3=1I2=3I1=1X1=1I1=3X1=2X2=1I1=
results_align_mapqfix	SRR10377454.22004963	2	NC_008596.1	52	54	1	R1:NC_008596.1:6988181-6988322:MAPQ54:1=1X1I3=2X1=1I3=1D1=1I4=2X1I2=1I2=3I2=1I1=1I115=;R2:NC_008596.1:6988207-6988347:MAPQ52:115=1X1I1=1I1=2I1=3X3=1I2=3I1=1X1=1I1=3X1=2X2=1I1=
results_align_mapqfix	SRR10377454.22005142	2	NC_008596.1	52	54	1	R1:NC_008596.1:6988181-6988322:MAPQ54:1=1X1I3=2X1=1I3=1D1=1I4=2X1I2=1I2=3I2=1I1=1I115=;R2:NC_008596.1:6988207-6988347:MAPQ52:115=1X1I1=1I1=2I1=3X3=1I2=3I1=1X1=1I1=3X1=2X2=1I1=
results_align_mapqfix	SRR10377454.29833208	2	NC_008596.1	53	54	1	R2:NC_008596.1:6988182-6988322:MAPQ54:1=1X2=1X1=2X4=1X2I2=2I5=1I2=3I2=1I1=1I115=;R1:NC_008596.1:6988207-6988345:MAPQ53:115=1X1I1=1I1=2I1=3X2=1X1=2I1=1X1=1I2=2I4=2I2=1I1=
results_align_mapqfix	SRR10377454.9664848	1	NC_008596.1	55	55	1	R2:NC_008596.1:6988183-6988333:MAPQ55:27=1X10=1X19=1X10=1X3=1X4=1X8=1X13=1X2=1X2=1X18=1X10=1X12=
results_align_mapqfix	SRR10377454.9664849	1	NC_008596.1	60	60	1	R2:NC_008596.1:6988183-6988333:MAPQ60:150=
results_align_mapqfix	SRR10377454.30451693	2	NC_008596.1	60	60	1	R2:NC_008596.1:6988183-6988333:MAPQ60:150=;R1:NC_008596.1:6988193-6988343:MAPQ60:150=
results_align_mapqfix	SRR10377454.32223728	2	NC_008596.1	58	60	1	R2:NC_008596.1:6988183-6988333:MAPQ58:33=1X39=1X22=1X25=2X26=;R1:NC_008596.1:6988193-6988343:MAPQ60:14=1X135=
results_align_mapqfix	SRR10377454.11122463	2	NC_008596.1	59	60	1	R1:NC_008596.1:6988183-6988334:MAPQ59:2=1X1=1X1=1D144=;R2:NC_008596.1:6988189-6988340:MAPQ60:146=1D4=
results_align_mapqfix	SRR10377454.16156388	2	NC_008596.1	59	60	1	R1:NC_008596.1:6988183-6988334:MAPQ59:2=1X1=1X1=1D144=;R2:NC_008596.1:6988189-6988340:MAPQ60:146=1D4=
results_align_mapqfix	SRR10377454.16763953	1	NC_008596.1	60	60	1	R2:NC_008596.1:6988184-6988334:MAPQ60:150=
results_align_mapqfix	SRR10377454.24737467	1	NC_008596.1	60	60	1	R2:NC_008596.1:6988184-6988334:MAPQ60:72=1X77=
results_align_mapqfix	SRR10377454.7245133	1	NC_008596.1	55	55	1	R2:NC_008596.1:6988185-6988335:MAPQ55:11=1X46=2X9=1X17=2X6=1X17=1X7=1X2=1X8=1X6=1X9=
results_align_mapqfix	SRR10377454.11176176	1	NC_008596.1	60	60	1	R2:NC_008596.1:6988185-6988335:MAPQ60:150=
results_align_mapqfix	SRR10377454.15333392	1	NC_008596.1	60	60	1	R1:NC_008596.1:6988185-6988335:MAPQ60:150=
results_align_mapqfix	SRR10377454.22208398	1	NC_008596.1	60	60	1	R1:NC_008596.1:6988185-6988335:MAPQ60:150=
results_align_mapqfix	SRR10377454.22269173	1	NC_008596.1	60	60	1	R1:NC_008596.1:6988185-6988335:MAPQ60:150=
results_align_mapqfix	SRR10377454.29090682	1	NC_008596.1	60	60	1	R2:NC_008596.1:6988185-6988335:MAPQ60:150=
results_align_mapqfix	SRR10377454.30691243	1	NC_008596.1	60	60	1	R2:NC_008596.1:6988185-6988335:MAPQ60:150=
results_align_mapqfix	SRR10377454.31197430	1	NC_008596.1	60	60	1	R1:NC_008596.1:6988185-6988335:MAPQ60:150=
results_align_mapqfix	SRR10377454.156963	1	NC_008596.1	58	58	1	R2:NC_008596.1:6988186-6988336:MAPQ58:104=1X13=1X26=1X1=1X2=
results_align_mapqfix	SRR10377454.13959176	1	NC_008596.1	60	60	1	R2:NC_008596.1:6988186-6988336:MAPQ60:150=
results_align_mapqfix	SRR10377454.13959442	1	NC_008596.1	60	60	1	R2:NC_008596.1:6988186-6988336:MAPQ60:150=
results_align_mapqfix	SRR10377454.14350478	1	NC_008596.1	57	57	1	R2:NC_008596.1:6988186-6988336:MAPQ57:24=1X3=1X1=2X32=1X5=1X14=1X64=
results_align_mapqfix	SRR10377454.15406321	1	NC_008596.1	60	60	1	R2:NC_008596.1:6988186-6988336:MAPQ60:150=
results_align_mapqfix	SRR10377454.15406322	1	NC_008596.1	58	58	1	R2:NC_008596.1:6988186-6988336:MAPQ58:25=1X57=1X32=1X4=1X26=1X1=
results_align_mapqfix	SRR10377454.17372171	1	NC_008596.1	60	60	1	R1:NC_008596.1:6988186-6988336:MAPQ60:150=
results_align_mapqfix	SRR10377454.18027670	2	NC_008596.1	60	60	1	R2:NC_008596.1:6988186-6988336:MAPQ60:150=;R1:NC_008596.1:6988192-6988342:MAPQ60:150=
results_align_mapqfix	SRR10377454.24256417	1	NC_008596.1	60	60	1	R2:NC_008596.1:6988186-6988336:MAPQ60:150=
results_align_mapqfix	SRR10377454.11736585	1	NC_008596.1	60	60	1	R1:NC_008596.1:6988189-6988339:MAPQ60:150=
results_align_mapqfix	SRR10377454.3253866	1	NC_008596.1	60	60	1	R1:NC_008596.1:6988190-6988340:MAPQ60:150=
results_align_mapqfix	SRR10377454.3254749	1	NC_008596.1	60	60	1	R1:NC_008596.1:6988190-6988340:MAPQ60:150=
results_align_mapqfix	SRR10377454.4091030	1	NC_008596.1	60	60	1	R1:NC_008596.1:6988190-6988340:MAPQ60:150=
results_align_mapqfix	SRR10377454.8557914	1	NC_008596.1	59	59	1	R1:NC_008596.1:6988190-6988340:MAPQ59:120=1X9=1X19=
results_align_mapqfix	SRR10377454.1834035	2	NC_008596.1	58	58	1	R2:NC_008596.1:6988190-6988343:MAPQ58:1=1I3=2D3=1X1D1=1D140=;R1:NC_008596.1:6988204-6988355:MAPQ58:141=1I1=1D1=1D2=2X2=
results_align_mapqfix	SRR10377454.10507546	2	NC_008596.1	58	58	1	R2:NC_008596.1:6988190-6988343:MAPQ58:1=1I3=2D3=1X1D1=1D140=;R1:NC_008596.1:6988204-6988355:MAPQ58:141=1I1=1D1=1D2=2X2=
results_align_mapqfix	SRR10377454.22691298	1	NC_008596.1	58	58	1	R2:NC_008596.1:6988192-6988342:MAPQ58:87=1X4=1X11=1X2=1X8=1X7=1X25=
results_align_mapqfix	SRR10377454.563553	1	NC_008596.1	60	60	1	R1:NC_008596.1:6988193-6988343:MAPQ60:150=
results_align_mapqfix	SRR10377454.6598653	1	NC_008596.1	59	59	1	R2:NC_008596.1:6988193-6988343:MAPQ59:135=1X8=1X5=
results_align_mapqfix	SRR10377454.31716986	1	NC_008596.1	60	60	1	R2:NC_008596.1:6988193-6988343:MAPQ60:150=
results_align_mapqfix	SRR10377454.8463096	1	NC_008596.1	60	60	1	R1:NC_008596.1:6988194-6988344:MAPQ60:150=
results_align_mapqfix	SRR10377454.18738634	1	NC_008596.1	60	60	1	R2:NC_008596.1:6988194-6988344:MAPQ60:56=1X93=
results_align_mapqfix	SRR10377454.18738883	1	NC_008596.1	60	60	1	R2:NC_008596.1:6988194-6988344:MAPQ60:31=1X118=
results_align_mapqfix	SRR10377454.20005425	1	NC_008596.1	54	54	1	R2:NC_008596.1:6988195-6988343:MAPQ54:1X1=2X1I1=1D3=1D2=1I3=3X1=1X2=1X1I1=1I1=2X121=
results_align_mapqfix	SRR10377454.22276081	1	NC_008596.1	53	53	1	R2:NC_008596.1:6988195-6988343:MAPQ53:1X1=2X1I1=1D3=2X4=2X1=2X2=1X1I1=1I1=2X12=1X108=
results_align_mapqfix	SRR10377454.14564283	1	NC_008596.1	60	60	1	R2:NC_008596.1:6988196-6988346:MAPQ60:150=
results_align_mapqfix	SRR10377454.27532119	1	NC_008596.1	60	60	1	R1:NC_008596.1:6988196-6988346:MAPQ60:150=
results_align_mapqfix	SRR10377454.26649594	1	NC_008596.1	60	60	1	R2:NC_008596.1:6988197-6988347:MAPQ60:150=
results_align_mapqfix	SRR10377454.29113283	1	NC_008596.1	60	60	1	R2:NC_008596.1:6988197-6988347:MAPQ60:150=
results_align_mapqfix	SRR10377454.269109	1	NC_008596.1	60	60	1	R1:NC_008596.1:6988200-6988350:MAPQ60:150=
results_align_mapqfix	SRR10377454.20640241	1	NC_008596.1	60	60	1	R1:NC_008596.1:6988200-6988350:MAPQ60:150=
results_align_mapqfix	SRR10377454.25697209	2	NC_008596.1	60	60	1	R2:NC_008596.1:6988200-6988350:MAPQ60:150=;R1:NC_008596.1:6988204-6988354:MAPQ60:150=
results_align_mapqfix	SRR10377454.3514840	1	NC_008596.1	60	60	1	R1:NC_008596.1:6988201-6988351:MAPQ60:150=
results_align_mapqfix	SRR10377454.3515175	1	NC_008596.1	60	60	1	R1:NC_008596.1:6988201-6988351:MAPQ60:150=
results_align_mapqfix	SRR10377454.10383107	1	NC_008596.1	60	60	1	R1:NC_008596.1:6988201-6988351:MAPQ60:150=
results_align_mapqfix	SRR10377454.15120285	1	NC_008596.1	58	58	1	R2:NC_008596.1:6988201-6988351:MAPQ58:51=1X10=1X5=1X5=1X62=1X12=
results_align_mapqfix	SRR10377454.18385871	1	NC_008596.1	60	60	1	R1:NC_008596.1:6988201-6988351:MAPQ60:146=1X3=
results_align_mapqfix	SRR10377454.19276013	1	NC_008596.1	60	60	1	R2:NC_008596.1:6988201-6988351:MAPQ60:150=
results_align_mapqfix	SRR10377454.19276014	1	NC_008596.1	60	60	1	R2:NC_008596.1:6988201-6988351:MAPQ60:150=
results_align_mapqfix	SRR10377454.21286411	1	NC_008596.1	60	60	1	R1:NC_008596.1:6988201-6988351:MAPQ60:150=
results_align_mapqfix	SRR10377454.21287017	1	NC_008596.1	60	60	1	R1:NC_008596.1:6988201-6988351:MAPQ60:150=
results_align_mapqfix	SRR10377454.21287520	1	NC_008596.1	60	60	1	R1:NC_008596.1:6988201-6988351:MAPQ60:150=
results_align_mapqfix	SRR10377454.21288012	1	NC_008596.1	60	60	1	R1:NC_008596.1:6988201-6988351:MAPQ60:150=
results_align_mapqfix	SRR10377454.23725097	1	NC_008596.1	60	60	1	R1:NC_008596.1:6988201-6988351:MAPQ60:150=
results_align_mapqfix	SRR10377454.29590900	1	NC_008596.1	60	60	1	R1:NC_008596.1:6988201-6988351:MAPQ60:150=
results_align_mapqfix	SRR10377454.30928286	1	NC_008596.1	60	60	1	R1:NC_008596.1:6988201-6988351:MAPQ60:150=
results_align_mapqfix	SRR10377454.4256090	1	NC_008596.1	60	60	1	R2:NC_008596.1:6988202-6988352:MAPQ60:150=
results_align_mapqfix	SRR10377454.12987083	1	NC_008596.1	58	58	1	R1:NC_008596.1:6988202-6988352:MAPQ58:94=1X6=1X2=1X27=1X17=
results_align_mapqfix	SRR10377454.14119551	1	NC_008596.1	60	60	1	R2:NC_008596.1:6988202-6988352:MAPQ60:150=
results_align_mapqfix	SRR10377454.14411751	1	NC_008596.1	60	60	1	R1:NC_008596.1:6988202-6988352:MAPQ60:150=
results_align_mapqfix	SRR10377454.14989947	1	NC_008596.1	60	60	1	R2:NC_008596.1:6988202-6988352:MAPQ60:48=1X101=
results_align_mapqfix	SRR10377454.18045653	1	NC_008596.1	60	60	1	R1:NC_008596.1:6988202-6988352:MAPQ60:150=
results_align_mapqfix	SRR10377454.21451165	1	NC_008596.1	60	60	1	R2:NC_008596.1:6988202-6988352:MAPQ60:150=
results_align_mapqfix	SRR10377454.185736	1	NC_008596.1	60	60	1	R2:NC_008596.1:6988204-6988354:MAPQ60:150=
results_align_mapqfix	SRR10377454.1832565	1	NC_008596.1	58	58	1	R1:NC_008596.1:6988204-6988353:MAPQ58:141=1I1=1D1=1X2=1X1=1I
results_align_mapqfix	SRR10377454.2619752	1	NC_008596.1	60	60	1	R1:NC_008596.1:6988204-6988354:MAPQ60:150=
results_align_mapqfix	SRR10377454.6128946	1	NC_008596.1	60	60	1	R2:NC_008596.1:6988204-6988354:MAPQ60:150=
results_align_mapqfix	SRR10377454.9936203	1	NC_008596.1	60	60	1	R1:NC_008596.1:6988204-6988354:MAPQ60:150=
results_align_mapqfix	SRR10377454.10308613	1	NC_008596.1	60	60	1	R2:NC_008596.1:6988204-6988354:MAPQ60:150=
results_align_mapqfix	SRR10377454.11411695	1	NC_008596.1	60	60	1	R1:NC_008596.1:6988204-6988354:MAPQ60:150=
results_align_mapqfix	SRR10377454.16341508	1	NC_008596.1	60	60	1	R2:NC_008596.1:6988204-6988354:MAPQ60:150=
results_align_mapqfix	SRR10377454.19640700	1	NC_008596.1	60	60	1	R2:NC_008596.1:6988204-6988354:MAPQ60:1=1X148=
results_align_mapqfix	SRR10377454.19640864	1	NC_008596.1	60	60	1	R2:NC_008596.1:6988204-6988354:MAPQ60:150=
results_align_mapqfix	SRR10377454.19640950	1	NC_008596.1	60	60	1	R2:NC_008596.1:6988204-6988354:MAPQ60:150=
results_align_mapqfix	SRR10377454.30313426	1	NC_008596.1	60	60	1	R2:NC_008596.1:6988204-6988354:MAPQ60:150=
results_align_mapqfix	SRR10377454.22830905	1	NC_008596.1	54	54	1	R1:NC_008596.1:6988204-6988353:MAPQ54:1=2X1=1I2=2X1=1X1=2X1=1X1=2X1D1=1X1=1I127=
results_align_mapqfix	SRR10377454.5047363	1	NC_008596.1	60	60	1	R1:NC_008596.1:6988206-6988356:MAPQ60:150=
results_align_mapqfix	SRR10377454.13389753	1	NC_008596.1	45	45	1	R2:NC_008596.1:6988206-6988359:MAPQ45:4=2D3=1I3=1X1I3=1X1D1=1D1=2X1=1D1=1X1=1D3=1D2=1X1=1X1I2=1X1=1I1=1D2=1X2I1=1X2=1I1=1X1I1=1I2=1D2=1X1=3D1=1D5=1X1=1I22=1X57=
results_align_mapqfix	SRR10377454.8442386	1	NC_008596.1	60	60	1	R1:NC_008596.1:6988207-6988357:MAPQ60:36=1X113=
results_align_mapqfix	SRR10377454.15812183	1	NC_008596.1	60	60	1	R1:NC_008596.1:6988207-6988357:MAPQ60:150=
results_align_mapqfix	SRR10377454.25316873	1	NC_008596.1	60	60	1	R1:NC_008596.1:6988207-6988357:MAPQ60:150=
results_align_mapqfix	SRR10377454.1285493	1	NC_008596.1	60	60	1	R2:NC_008596.1:6988208-6988358:MAPQ60:150=
results_align_mapqfix	SRR10377454.9934766	1	NC_008596.1	60	60	1	R1:NC_008596.1:6988208-6988358:MAPQ60:150=
results_align_mapqfix	SRR10377454.9934841	1	NC_008596.1	60	60	1	R1:NC_008596.1:6988208-6988358:MAPQ60:150=
results_align_mapqfix	SRR10377454.13342685	1	NC_008596.1	60	60	1	R1:NC_008596.1:6988208-6988358:MAPQ60:150=
results_align_mapqfix	SRR10377454.13344298	1	NC_008596.1	60	60	1	R1:NC_008596.1:6988208-6988358:MAPQ60:150=
results_align_mapqfix	SRR10377454.14158254	1	NC_008596.1	59	59	1	R2:NC_008596.1:6988208-6988357:MAPQ59:1=1X84=1X61=1I1=
results_align_mapqfix	SRR10377454.18517970	1	NC_008596.1	60	60	1	R2:NC_008596.1:6988208-6988358:MAPQ60:150=
results_align_mapqfix	SRR10377454.18988340	1	NC_008596.1	60	60	1	R2:NC_008596.1:6988208-6988358:MAPQ60:150=
results_align_mapqfix	SRR10377454.15744683	1	NC_008596.1	60	60	1	R2:NC_008596.1:6988208-6988358:MAPQ60:150=
results_align_mapqfix	SRR10620245.2324930	2	NC_002516.2	60	60	1	R1:NC_002516.2:6264255-6264405:MAPQ60:150=;R2:NC_002516.2:6264257-6264407:MAPQ60:150=
results_align_mapqfix	SRR10620245.3471741	1	NC_002516.2	52	52	1	R1:NC_002516.2:6264256-6264407:MAPQ52:105=1I3=1D3=1X1=3D1=1X1=3X3=1X2=1D2=2X2=1D4=1X4=1I2=1I2=1I1=1I
results_align_mapqfix	SRR10620245.3719130	1	NC_002516.2	58	58	1	R1:NC_002516.2:6264256-6264405:MAPQ58:141=1X1I1=3X3=
results_align_mapqfix	SRR10620245.8216924	1	NC_002516.2	51	51	1	R1:NC_002516.2:6264260-6264411:MAPQ51:101=1I3=1D3=1X1=3D1=1X1=3X3=1X2=1D2=2X2=1D4=1X4=1I2=1X3=2X2I1=1I
results_align_mapqfix	SRR10620245.5513394	1	NC_002516.2	52	52	1	R2:NC_002516.2:6264261-6264405:MAPQ52:4=1X2=1X3=1X1=1X6=1X2=1X6=1X3=1X1=1X1=1X95=1I1=1I1=1I1=1I1=3X1I3=1I
results_align_mapqfix	SRR10620245.4292349	1	NC_002516.2	56	56	1	R1:NC_002516.2:6264265-6264405:MAPQ56:130=1I1=1I1=1I1=1I1=1X3I1=1I1=1I3=1I
results_align_mapqfix	SRR10620245.723098	1	NC_002516.2	56	56	1	R1:NC_002516.2:6264268-6264409:MAPQ56:128=1I1=1I1=1I1=1X3I1=1I1=1I3=1X1=1I2=
results_align_mapqfix	SRR10620245.5356279	1	NC_002516.2	55	55	1	R1:NC_002516.2:6264268-6264417:MAPQ55:128=1X2=1X1=1X1D1=3X1=1X1I1=1X1=1I1=1X1=1X1=
results_align_mapqfix	SRR10620245.8338666	1	NC_002516.2	55	55	1	R2:NC_002516.2:6264268-6264408:MAPQ55:127=1I1=1I1=1I1=1I1=3X1I3=2I1=1I2=2I
results_align_mapqfix	SRR10620245.1153910	1	NC_002516.2	59	59	1	R2:NC_002516.2:6264270-6264420:MAPQ59:9=1X93=1X46=
results_align_mapqfix	SRR10620245.8265650	1	NC_002516.2	59	59	1	R2:NC_002516.2:6264270-6264420:MAPQ59:14=1X6=1X128=
results_align_mapqfix	SRR10620245.6323529	1	NC_002516.2	53	53	1	R1:NC_002516.2:6264278-6264430:MAPQ53:117=1X1D2=1X1=1X1D1=3D2=1D3=1I2=1I2=1X1=1I2=1X1I2=1X3=1X1=
results_align_mapqfix	SRR10620245.6766527	1	NC_002516.2	54	54	1	R1:NC_002516.2:6264278-6264428:MAPQ54:118=1X2=1X1=1X1D1=3D2=1D3=1I2=1I2=1X1=1I2=1X1I2=1X3=1I
results_align_mapqfix	SRR10620245.910017	1	NC_002516.2	53	53	1	R1:NC_002516.2:6264279-6264415:MAPQ53:116=1I1=1I1=1I1=1I1=1X3I1=1I1=1I3=1X1=1X2=1X3I2=2I2=
results_align_mapqfix	SRR10620245.3517023	1	NC_002516.2	52	52	1	R1:NC_002516.2:6264279-6264416:MAPQ52:1=1X18=1X96=1I1=1I1=1I1=1X3I1=1I1=1I3=1X1=1X2=1X3I2=2I3=
results_align_mapqfix	SRR10620245.3813088	1	NC_002516.2	52	52	1	R1:NC_002516.2:6264280-6264415:MAPQ52:115=1I1=1I1=1I1=1I1=1X3I1=1I1=1I3=1X1=1X1I2=1X3I2=2I2=
results_align_mapqfix	SRR10620245.4456781	1	NC_002516.2	53	53	1	R1:NC_002516.2:6264280-6264416:MAPQ53:115=1I1=1I1=1I1=1I1=1X3I1=1I1=1I3=1X1=1X2=1X3I2=2I3=
results_align_mapqfix	SRR10620245.4459404	1	NC_002516.2	53	53	1	R1:NC_002516.2:6264280-6264416:MAPQ53:115=1I1=1I1=1I1=1I1=1X3I1=1I1=1I3=1X1=1X2=1X3I2=2I3=
results_align_mapqfix	SRR10620245.7198901	1	NC_002516.2	50	50	1	R1:NC_002516.2:6264282-6264426:MAPQ50:101=3D2=2D3=1X1=1I1=1X1=1I2=1X1=1D2=1X1=1X2=1X3I2=2I3=1X3=3I2=1I2=1I2=
results_align_mapqfix	SRR10620245.8722233	1	NC_002516.2	53	53	1	R1:NC_002516.2:6264282-6264430:MAPQ53:114=1X2=1X1=1X1D1=3D2=1D3=1I2=1I2=1X1=1I2=1X1I6=1X1=3I
results_align_mapqfix	SRR10620245.5503896	2	NC_002516.2	54	55	1	R2:NC_002516.2:6264282-6264427:MAPQ54:1=1X3=1X1I1=3X1I1=2I2=1I1=1X1=1X2=2X1=1X122=;R1:NC_002516.2:6264305-6264453:MAPQ55:122=1X2=2D3=1I2=1D1=1X3=1X2I3=2I2=1X1=1X1=
results_align_mapqfix	SRR10620245.6642542	1	NC_002516.2	52	52	1	R2:NC_002516.2:6264283-6264426:MAPQ52:113=1I1=1I1=1I1=3X1I3=1X1I1=2X2=1X2=2X1=1I1=1X1=1D2=1I2=1I1=
results_align_mapqfix	SRR10620245.7281562	1	NC_002516.2	52	52	1	R1:NC_002516.2:6264283-6264419:MAPQ52:112=1I1=1I1=1I1=1I1=1X3I1=1I1=1I3=1X1=1X2=1X3I2=2I3=1X2=
results_align_mapqfix	SRR10620245.7886106	2	NC_002516.2	52	53	1	R2:NC_002516.2:6264283-6264427:MAPQ52:2=1X1I1=1X1I1=2X1=2X2=1I1=1X3=1X1I2=1X1=4X1I1=1X1=1I19=1X94=;R1:NC_002516.2:6264313-6264458:MAPQ53:114=1X2=2D3=1I2=1D1=1X3=1X2I3=2I2=1X1=1D3=3I3=1I
results_align_mapqfix	SRR10620245.2166956	1	NC_002516.2	52	52	1	R2:NC_002516.2:6264284-6264426:MAPQ52:111=1I1=1I1=1I1=1I1=3X1I3=1X1I1=2X2=1X2=2X1=1I1=1X1=1D2=1I2=1I1=
results_align_mapqfix	SRR10620245.2167033	1	NC_002516.2	52	52	1	R2:NC_002516.2:6264284-6264426:MAPQ52:111=1I1=1I1=1I1=1I1=3X1I3=1X1I1=2X2=1X2=2X1=1I1=1X1=1D2=1I2=1I1=
results_align_mapqfix	SRR10620245.1973161	1	NC_002516.2	49	49	1	R1:NC_002516.2:6264285-6264427:MAPQ49:98=3D2=2D3=1X1=1I1=1X1=1I2=1X1=1D2=1X1=1X2=1X3I2=2I3=1X3=3I2=1I2=1I2=1I1=1I
results_align_mapqfix	SRR10620245.8993545	1	NC_002516.2	52	52	1	R1:NC_002516.2:6264285-6264420:MAPQ52:110=1I1=1I1=1I1=1I1=1X3I1=1I1=1I3=1X1=1X2=1X3I2=2I3=1X3=1I
results_align_mapqfix	SRR10620245.6726741	1	NC_002516.2	39	39	1	R2:NC_002516.2:6264287-6264417:MAPQ39:1=1X3=1I2=2X1=1I4=2X1I1=2I1=3I3=1X1=1D2=1I1=1X1=2I4=1I1=2I3=1X1=1X3=1X13=1X7=2X4=1X3=1X3=1X13=1D1=1I1=1X4=1I2=1D2=1X2=1X2=1X1=2X2I1=4I2=1I1=2X2=1X2=2X1=
results_align_mapqfix	SRR10620245.2321	2	NC_002516.2	58	58	1	R1:NC_002516.2:6264288-6264437:MAPQ58:1X1=1X1=1X1I144=;R2:NC_002516.2:6264293-6264439:MAPQ58:144=4I2=
results_align_mapqfix	SRR10620245.1214942	1	NC_002516.2	60	60	1	R1:NC_002516.2:6264288-6264438:MAPQ60:150=
results_align_mapqfix	SRR10620245.1476972	1	NC_002516.2	51	51	1	R1:NC_002516.2:6264289-6264423:MAPQ51:107=1X2=1I1=7I1=1I1=1I3=1X1=1X2=1X3I2=2I3=1X3=1X2=1I
results_align_mapqfix	SRR10620245.4395424	1	NC_002516.2	52	52	1	R1:NC_002516.2:6264289-6264425:MAPQ52:106=1I1=1I1=1I1=1I1=1X3I1=1I1=1I3=1X1=1X2=1X3I2=2I3=1X3=1X2=1X1=
results_align_mapqfix	SRR10620245.8600123	1	NC_002516.2	50	50	1	R1:NC_002516.2:6264289-6264427:MAPQ50:96=1X2=2D3=1X1=1I1=1X1=1I2=1X1=1D2=1X1=1X2=1X3I2=2I3=1X3=3I2=1I2=1I2=1I1=2I
results_align_mapqfix	SRR10620245.3656390	2	NC_002516.2	60	60	1	R2:NC_002516.2:6264292-6264442:MAPQ60:150=;R1:NC_002516.2:6264335-6264485:MAPQ60:150=
results_align_mapqfix	SRR10620245.3656617	2	NC_002516.2	60	60	1	R2:NC_002516.2:6264292-6264442:MAPQ60:150=;R1:NC_002516.2:6264335-6264485:MAPQ60:150=
results_align_mapqfix	SRR10620245.1295209	2	NC_002516.2	60	60	1	R1:NC_002516.2:6264293-6264443:MAPQ60:150=;R2:NC_002516.2:6264323-6264473:MAPQ60:150=
results_align_mapqfix	SRR10620245.1518734	1	NC_002516.2	48	48	1	R1:NC_002516.2:6264293-6264425:MAPQ48:88=1I2=1I1=2X2I3=5I3=1I1=2I1=3I3=1X4=1I2=1X3=4X1=1I1=1X1D1=1X2=1X1I4=1I
results_align_mapqfix	SRR10620245.4134161	1	NC_002516.2	48	48	1	R1:NC_002516.2:6264293-6264425:MAPQ48:88=1I2=1I1=2X2I3=5I3=1I1=2I1=3I3=1X4=1I2=1X3=4X1=1I1=1X1D1=1X2=1X1I4=1I
results_align_mapqfix	SRR10620245.4237988	1	NC_002516.2	50	50	1	R1:NC_002516.2:6264293-6264424:MAPQ50:103=1X2=1I1=7I1=1I1=1I3=1X1=1X2=1X3I2=2I3=1X3=3I2=1I2=
results_align_mapqfix	SRR10620245.5339998	1	NC_002516.2	50	50	1	R1:NC_002516.2:6264293-6264428:MAPQ50:96=1X3=1X1=1I1=1X1=1I2=1X1=1D2=1X1=1X2=1X3I2=2I3=1X3=3I2=1I2=1I2=1I1=3I1=
results_align_mapqfix	SRR10620245.5433207	1	NC_002516.2	50	50	1	R1:NC_002516.2:6264293-6264426:MAPQ50:100=1D2=1I1=1I1=1I1=1X3I1=1I1=1I3=1X1=1X2=1X3I2=2I3=1X3=3I2=1I2=1I2=
results_align_mapqfix	SRR10620245.7490961	2	NC_002516.2	60	60	1	R1:NC_002516.2:6264293-6264443:MAPQ60:150=;R2:NC_002516.2:6264305-6264455:MAPQ60:150=
results_align_mapqfix	SRR10620245.8721195	1	NC_002516.2	51	51	1	R1:NC_002516.2:6264293-6264428:MAPQ51:103=1I1=1I1=1I1=1X3I1=1I1=1I3=1X1=1X2=1X3I2=2I3=1X3=1X2=2I2=1X2=
results_align_mapqfix	SRR10620245.9008759	1	NC_002516.2	50	50	1	R1:NC_002516.2:6264294-6264427:MAPQ50:102=1X2=1I1=7I1=1I1=1I3=1X1=1X2=1X3I2=2I3=1X3=1X2=2I2=1X1=
results_align_mapqfix	SRR10620245.5885791	2	NC_002516.2	57	57	1	R1:NC_002516.2:6264294-6264441:MAPQ57:1=1I1=1X1=1X2=2X1=2I137=;R2:NC_002516.2:6264303-6264449:MAPQ57:138=1D2=1X2=2I2=3I
results_align_mapqfix	SRR10620245.1213020	2	NC_002516.2	60	60	1	R1:NC_002516.2:6264295-6264445:MAPQ60:150=;R2:NC_002516.2:6264305-6264455:MAPQ60:150=
results_align_mapqfix	SRR10620245.1591356	1	NC_002516.2	48	48	1	R2:NC_002516.2:6264295-6264425:MAPQ48:86=1I2=1I1=2X2I3=1I4=1X2I2=1X2=4X2=1I3=3I1=1I2=3I3=1I1=1I3=1X1=1X1=1X1I1=2I1=
results_align_mapqfix	SRR10620245.2432613	1	NC_002516.2	47	47	1	R1:NC_002516.2:6264295-6264424:MAPQ47:88=2X1=1I1=1I1=1I1=1I1=6I2=1I1=2I1=3I3=1X4=1I2=1X3=4X1=1I1=2I3=1X1=1X1D1=1I1=1I1=
results_align_mapqfix	SRR10620245.2993672	1	NC_002516.2	50	50	1	R1:NC_002516.2:6264295-6264426:MAPQ50:100=1I1=1I1=1I1=1I1=1X3I1=1I1=1I3=1X1=1X2=1X3I2=2I3=1X3=3I2=1I2=1I2=
results_align_mapqfix	SRR10620245.7363924	1	NC_002516.2	50	50	1	R1:NC_002516.2:6264295-6264426:MAPQ50:100=1I1=1I1=1I1=1I1=1X3I1=1I1=1I3=1X1=1X2=1X3I2=2I3=1X3=3I2=1I2=1I2=
results_align_mapqfix	SRR10620245.4889480	1	NC_002516.2	50	50	1	R1:NC_002516.2:6264296-6264427:MAPQ50:100=1I1=1I1=1I1=1X3I1=1I1=1I3=1X1=1X2=1X3I2=2I3=1X3=3I2=1I2=1I2=1I1=
results_align_mapqfix	SRR10620245.3822644	1	NC_002516.2	48	48	1	R1:NC_002516.2:6264299-6264433:MAPQ48:25=1X65=3I3=1X1=1I1=1X1=1I2=1X1=1D2=1X1=1X2=1I1=2I2=2I3=1X3=1X2=2I1=3I2=1I1=1X1I1=3X1=
results_align_mapqfix	SRR10620245.5144453	1	NC_002516.2	49	49	1	R1:NC_002516.2:6264299-6264427:MAPQ49:96=1I1=1I1=1I1=1I1=1X3I1=1I1=1I3=1X1=1X2=1X3I2=2I3=1X3=3I2=1I2=1I2=1I1=2I
results_align_mapqfix	SRR10620245.5778401	1	NC_002516.2	50	50	1	R1:NC_002516.2:6264299-6264429:MAPQ50:96=1I1=1I1=1I1=1I1=1X3I1=1I1=1I3=1X1=1X2=1X2I2=2I3=1X3=3I2=1I2=1I2=1I1=1X1I1=
results_align_mapqfix	SRR10620245.3974571	2	NC_002516.2	60	60	1	R2:NC_002516.2:6264299-6264449:MAPQ60:1X149=;R1:NC_002516.2:6264300-6264449:MAPQ60:149=1I
results_align_mapqfix	SRR10620245.6640389	1	NC_002516.2	49	49	1	R2:NC_002516.2:6264300-6264444:MAPQ49:89=1X3=1X1=1X1D2=1X1=1X1I3=1X2=2X2=1X1=2X1=1I1=2X1=1X2=1I5=1X1=1I3=4X1I2=2I2=1X1=
results_align_mapqfix	SRR10620245.6640530	1	NC_002516.2	49	49	1	R2:NC_002516.2:6264300-6264444:MAPQ49:89=1X3=1X1=1X1D2=1X1=1X1I3=1X2=2X2=1X1=2X1=1I1=2X1=1X2=1I5=1X1=1I3=4X1I2=2I2=1X1=
results_align_mapqfix	SRR10620245.1965704	1	NC_002516.2	49	49	1	R1:NC_002516.2:6264301-6264428:MAPQ49:94=1I1=1I1=1I1=1I1=1X3I1=1I1=1I3=1X1=1X2=1X3I2=2I3=1X3=3I2=1I2=1I2=1I1=3I1=
results_align_mapqfix	SRR10620245.2831651	1	NC_002516.2	46	46	1	R1:NC_002516.2:6264303-6264432:MAPQ46:81=1X2I1=1I1=1I1=1X1=1X1I1=1X2=1I2=2I2=1X1=1I2=1I2=1X1D1=2X1I1=1X1=3I1=1I1=1I2=3I2=1I1=1X1I4=1D1=1I1=1I4=
results_align_mapqfix	SRR10620245.3070474	1	NC_002516.2	49	49	1	R2:NC_002516.2:6264303-6264442:MAPQ49:93=1I1=1I1=1I1=3X1I3=1X1I1=2X2=1X2=2X1=1I1=1X1=1X1=2I2=1I5=1X1=1I3=1X2D3=1I1=2I1=
results_align_mapqfix	SRR10620245.6229589	1	NC_002516.2	48	48	1	R1:NC_002516.2:6264303-6264433:MAPQ48:93=1I1=1I1=1I1=1X3I1=1I1=1I3=1X1=1X2=1X3I2=2I3=1X3=3I2=1I2=1I2=1I1=1X1I1=3X1=
results_align_mapqfix	SRR10620245.6360198	1	NC_002516.2	48	48	1	R1:NC_002516.2:6264303-6264434:MAPQ48:92=1I1=1I1=1I1=1I1=1X3I1=1I1=1I3=1X1=1X2=1X3I2=2I3=1X3=1X2=2I2=1X2=2I1=3X2=1I
results_align_mapqfix	SRR10620245.6825838	1	NC_002516.2	48	48	1	R1:NC_002516.2:6264303-6264434:MAPQ48:92=1I1=1I1=1I1=1I1=1X3I1=1I1=1I3=1X1=1X2=1X3I2=2I3=1X3=1X2=2I2=1X2=2I1=3X2=1I
results_align_mapqfix	SRR10620245.7164793	1	NC_002516.2	48	48	1	R1:NC_002516.2:6264303-6264434:MAPQ48:92=1I1=1I1=1I1=1I1=1X3I1=1I1=1I3=1X1=1X2=1X3I2=2I3=1X3=1X2=2I2=1X2=2I1=3X2=1I
results_align_mapqfix	SRR10620245.7363637	2	NC_002516.2	54	55	1	R2:NC_002516.2:6264303-6264450:MAPQ54:1=1X1=1X1D1=1X2=2I2=1I1=3X1=1D3=1X1=2I125=;R1:NC_002516.2:6264324-6264463:MAPQ55:126=1X2I2=1X1I2=3I1=1I2=1I1=1I1=1I2=1I
results_align_mapqfix	SRR10620245.7364132	2	NC_002516.2	54	55	1	R2:NC_002516.2:6264303-6264450:MAPQ54:1=1X1=1X1D1=1X2=2I2=1I1=3X1=1D3=1X1=2I125=;R1:NC_002516.2:6264324-6264463:MAPQ55:126=1X2I2=1X1I2=3I1=1I2=1I1=1I1=1I2=1I
results_align_mapqfix	SRR10620245.1776515	1	NC_002516.2	47	47	1	R1:NC_002516.2:6264304-6264443:MAPQ47:86=1X1=3I1=1I1=1D1=1X4=1X2=2X1D1=1X3=1D3=1X1=1I1=1I1=3X1=2I1=1X1=1I2=2X1I2=1I2=2X2=2I4=1I
results_align_mapqfix	SRR10620245.9037174	2	NC_002516.2	60	60	1	R1:NC_002516.2:6264304-6264454:MAPQ60:150=;R2:NC_002516.2:6264310-6264460:MAPQ60:150=
results_align_mapqfix	SRR10620245.943858	1	NC_002516.2	48	48	1	R1:NC_002516.2:6264305-6264433:MAPQ48:91=1X2=1I1=7I1=1I1=1I3=1X1=1X2=1X3I2=2I3=1X3=3I2=1I2=1I2=1I1=1X1I1=3X1=
results_align_mapqfix	SRR10620245.1709820	1	NC_002516.2	46	46	1	R1:NC_002516.2:6264305-6264437:MAPQ46:81=1D2=1X3=1X1=1I1=1X1=1I2=1X1=1D2=1X1=1X2=1X3I2=2I3=1X3=3I2=1I2=1I2=1I1=1X1I1=3X2=1I1=4I2=1I
results_align_mapqfix	SRR10620245.2012756	1	NC_002516.2	48	48	1	R2:NC_002516.2:6264305-6264439:MAPQ48:90=1I1=1I1=1I1=1I1=3X1I3=1X1I1=2X2=1X2=2X1=1I1=1X1=1X1=2I2=1I5=1X1=1I3=2I1=2X3I2=
results_align_mapqfix	SRR10620245.2654049	1	NC_002516.2	46	46	1	R1:NC_002516.2:6264305-6264434:MAPQ46:51=2X20=1X5=1X10=1I1=1I1=1I1=1I1=1X3I1=1I1=1I3=1X1=1X2=1X3I2=2I3=1X3=3I2=1I2=1I2=1I1=1X1I1=3X2=
results_align_mapqfix	SRR10620245.3256929	1	NC_002516.2	46	46	1	R2:NC_002516.2:6264305-6264449:MAPQ46:79=1X1D2=2D3=1X1=1X1D2=1X1=1X1I3=1X2=2X2=1X1=2X1=1I1=2X1=1X2=1I5=1X1=1I3=4X1I2=2I2=1X1=1X1I3=2I1=
results_align_mapqfix	SRR10620245.5976021	1	NC_002516.2	48	48	1	R1:NC_002516.2:6264305-6264434:MAPQ48:3=1X86=1I1=1I1=1I1=1I1=1X3I1=1I1=1I3=1X1=1X2=1X3I2=2I3=1X3=3I2=1I2=1I2=1I1=1X1I1=3X2=
results_align_mapqfix	SRR10620245.4645983	1	NC_002516.2	57	57	1	R2:NC_002516.2:6264305-6264455:MAPQ57:9=1X3=1X10=2X24=2X20=1X77=
results_align_mapqfix	SRR10620245.2758762	2	NC_002516.2	49	51	1	R2:NC_002516.2:6264306-6264445:MAPQ51:1=1X2=1I2=1I1=1X1=2X3I2=1X3=1D3=1X3=2I2=1X4I3=1X1=1I7=1X98=;R1:NC_002516.2:6264332-6264467:MAPQ49:2X3=1X1=1I7=1X98=2X1=1D1=4X1=1I1=1I1=1I2=1I1=1I1=1I2=2I1=3I1=2I2=2I
results_align_mapqfix	SRR10620245.760391	1	NC_002516.2	47	47	1	R2:NC_002516.2:6264309-6264443:MAPQ47:87=1I1=1I1=1I1=3X1I3=1X1I1=2X2=1X2=2X1=1I1=1X1=1X1=2I2=1I5=1X1=1I3=4X1I2=2I2=3I1=
results_align_mapqfix	SRR10620245.6570647	1	NC_002516.2	46	46	1	R1:NC_002516.2:6264310-6264435:MAPQ46:85=1I1=1I1=1I1=1I1=1X3I1=1I1=1I3=1X1=1X2=1X3I2=2I3=1X3=1X2=1X1=1I1=1I2=2I1=3X2=4I1=3I
results_align_mapqfix	SRR10620245.1844730	1	NC_002516.2	46	46	1	R1:NC_002516.2:6264311-6264437:MAPQ46:82=1D2=1I1=1I1=1I1=1X3I1=1I1=1I3=1X1=1X2=1X3I2=2I3=1X3=3I2=1I2=1I2=1I1=1X1I1=3X2=1I1=4I2=
results_align_mapqfix	SRR10620245.1146808	1	NC_002516.2	46	46	1	R1:NC_002516.2:6264313-6264436:MAPQ46:83=1X2=1I1=7I1=1I1=1I3=1X1=1X2=1X3I2=2I3=1X3=3I2=1I2=1I2=1I1=1X1I1=3X2=1I1=4I1=
results_align_mapqfix	SRR10620245.5063907	1	NC_002516.2	46	46	1	R2:NC_002516.2:6264315-6264450:MAPQ46:2=1X77=1I1=1I1=1I1=1I1=3X1I3=1X1I1=2X2=1X2=2X1=1I1=1X1=1X1=2I2=1I5=1X1=1I3=4X1I2=2I2=1X1=1X1I3=1X1=
results_align_mapqfix	SRR10620245.8118220	1	NC_002516.2	45	45	1	R1:NC_002516.2:6264316-6264437:MAPQ45:80=1X2=1I1=7I1=1I1=1I3=1X1=1X2=1X3I2=2I3=1X3=3I2=1I2=1I2=1I1=1X1I1=3X2=1I1=4I2=2I
results_align_mapqfix	SRR10620245.8684023	1	NC_002516.2	45	45	1	R1:NC_002516.2:6264316-6264437:MAPQ45:79=1I1=1I1=1I1=1I1=1X3I1=1I1=1I3=1X1=1X2=1X3I2=2I3=1X3=3I2=1I2=1I2=1I1=1X1I1=3X2=1I1=4I2=3I
results_align_mapqfix	SRR10620245.8441380	2	NC_002516.2	48	48	1	R2:NC_002516.2:6264318-6264454:MAPQ48:2=1X2=1X1=1X1I1=1X2=1I4=4X1I2=2X1D2=2X2I1=1I1=2I1=1I1=1I1=1X2I1=1I1=1I1=1I98=;R1:NC_002516.2:6264357-6264498:MAPQ48:98=1I1=1X1=1D1=1D2=1X2=1D1=1X1=1I1=2I1=1X1I2=2I1=2X1=1I1=1I2=2X1=1I1=2D2=1X2=1X1=2I1=1I1=1I1=
results_align_mapqfix	SRR10620245.6055788	1	NC_002516.2	43	43	1	R1:NC_002516.2:6264321-6264436:MAPQ43:1=1X72=1I1=1I1=1I1=1I1=1X3I1=1I1=1I3=1X1=1X2=1X3I2=2I3=1I1=1I1=5I2=3I2=4I3=1X2I1=1I1=1I4=1X2I2=1I1=
results_align_mapqfix	SRR10620245.197212	1	NC_002516.2	60	60	1	R2:NC_002516.2:6264321-6264471:MAPQ60:150=
results_align_mapqfix	SRR10620245.203263	1	NC_002516.2	60	60	1	R2:NC_002516.2:6264321-6264471:MAPQ60:150=
results_align_mapqfix	SRR10620245.6274588	2	NC_002516.2	60	60	1	R1:NC_002516.2:6264322-6264472:MAPQ60:76=1X73=;R2:NC_002516.2:6264387-6264537:MAPQ60:150=
results_align_mapqfix	SRR10620245.1872658	1	NC_002516.2	60	60	1	R2:NC_002516.2:6264322-6264472:MAPQ60:150=
results_align_mapqfix	SRR10620245.5754574	1	NC_002516.2	56	56	1	R2:NC_002516.2:6264322-6264472:MAPQ56:4=2X11=1X57=2X9=1X5=1X39=1X12=1X2=1X1=
results_align_mapqfix	SRR10620245.7888573	1	NC_002516.2	43	43	1	R1:NC_002516.2:6264326-6264446:MAPQ43:69=1I1=1I1=1I1=1I1=1X3I1=1I1=1I3=1X1=1X2=1X3I2=2I3=1X3=3I2=1I2=1I2=1I1=1X1I1=3X2=1I1=4I2=3X1I1=1X1=1I1=2I2=
results_align_mapqfix	SRR10620245.671561	2	NC_002516.2	54	55	1	R1:NC_002516.2:6264342-6264485:MAPQ55:3=1X1D1=1X1=1I2=2X1=1I1=1I3=2I2=3I124=;R2:NC_002516.2:6264360-6264508:MAPQ54:85=1X39=1I2=1X1I1=2X1=4X1I2=1X1=1X2=1X1D3=
results_align_mapqfix	SRR10620245.5472563	2	NC_002516.2	54	54	1	R2:NC_002516.2:6264351-6264496:MAPQ54:1=1X1=1X1=1X1D2=1X2=3I1=1I1=1I1=1X1=1D1=1I1=1I125=;R1:NC_002516.2:6264371-6264515:MAPQ54:125=3X1=3X3=1I1=1I1=1X1=1I1=1X3I3=
results_align_mapqfix	SRR10620245.7572508	1	NC_002516.2	4	4	0	R1:NC_002516.2:6264370-6264500:MAPQ4:2X1=1X2=2X2=1I1=1X1I2=1I1=1I3=2X2=1D4=1X4=1I2=1X3=4X1=1I1=1X1D1=1X2=1X1I4=1D1=1I1=1I4=2X1I3=1X2=1I1=1I1=1X1I2=1D1=4X1=1X1=1X1D1=1X2I2=1X1=1X2=1X1D1=1D15=1I3=3I1=1I1=2X2I1=1X1=2X3I2=1I1=1I1=
results_align_mapqfix	SRR10620245.4315347	1	NC_002516.2	60	60	1	R2:NC_002516.2:6264389-6264539:MAPQ60:150=
results_align_mapqfix	SRR13251221.1158063	1	NC_003140.1	60	60	1	R1:NC_003140.1:24592-24667:MAPQ60:75=
results_align_mapqfix	SRR37042651.3663863	1	NC_002505.1	60	60	1	R2:NC_002505.1:2961007-2961158:MAPQ60:151=
results_align_mapqfix	SRR37042651.8493145	2	NC_002505.1	60	60	1	R2:NC_002505.1:2961012-2961163:MAPQ60:151=;R1:NC_002505.1:2961094-2961245:MAPQ60:132=1X18=
results_align_mapqfix	SRR37042651.8493144	2	NC_002505.1	60	60	1	R2:NC_002505.1:2961019-2961170:MAPQ60:151=;R1:NC_002505.1:2961131-2961282:MAPQ60:151=
results_align_mapqfix	SRR37042651.9190915	1	NC_002505.1	60	60	1	R2:NC_002505.1:2961034-2961185:MAPQ60:83=1X67=
results_align_mapqfix	SRR37042651.8493146	1	NC_002505.1	60	60	1	R1:NC_002505.1:2961063-2961214:MAPQ60:151=
results_align_mapqfix	SRR37042651.8493147	1	NC_002505.1	60	60	1	R1:NC_002505.1:2961063-2961214:MAPQ60:151=
results_align_mapqfix	SRR37042651.8493148	1	NC_002505.1	60	60	1	R1:NC_002505.1:2961063-2961214:MAPQ60:151=
results_align_mapqfix	SRR37042651.5115698	1	NC_002505.1	60	60	1	R2:NC_002505.1:2961082-2961233:MAPQ60:151=
results_align_mapqfix	SRR37042651.5115699	1	NC_002505.1	60	60	1	R2:NC_002505.1:2961082-2961233:MAPQ60:151=
results_align_mapqfix	SRR37042651.5115700	1	NC_002505.1	60	60	1	R2:NC_002505.1:2961082-2961233:MAPQ60:151=
results_align_mapqfix	SRR37042651.5115701	1	NC_002505.1	60	60	1	R2:NC_002505.1:2961117-2961268:MAPQ60:151=
results_align_mapqfix	SRR37042651.8493143	1	NC_002505.1	60	60	1	R1:NC_002505.1:2961135-2961286:MAPQ60:151=
results_align_mapqfix	SRR37042651.4943282	2	NC_002506.1	60	60	1	R1:NC_002506.1:1072182-1072333:MAPQ60:151=;R2:NC_002506.1:1072301-1072452:MAPQ60:151=
results_align_mapqfix	SRR37042651.4943283	2	NC_002506.1	60	60	1	R1:NC_002506.1:1072182-1072333:MAPQ60:151=;R2:NC_002506.1:1072301-1072452:MAPQ60:151=
results_align_mapqfix	SRR37042651.430450	1	NC_002506.1	60	60	1	R2:NC_002506.1:1072183-1072334:MAPQ60:151=
results_align_mapqfix	SRR37042651.4943284	2	NC_002506.1	60	60	1	R1:NC_002506.1:1072187-1072338:MAPQ60:151=;R2:NC_002506.1:1072232-1072383:MAPQ60:151=
results_align_mapqfix	SRR37042651.4943280	1	NC_002506.1	60	60	1	R1:NC_002506.1:1072207-1072358:MAPQ60:151=
results_align_mapqfix	SRR37042651.4943281	1	NC_002506.1	60	60	1	R1:NC_002506.1:1072207-1072358:MAPQ60:151=
results_align_mapqfix	SRR37042651.4943285	2	NC_002506.1	60	60	1	R1:NC_002506.1:1072214-1072365:MAPQ60:1X150=;R2:NC_002506.1:1072307-1072458:MAPQ60:106=1X44=
results_align_mapqfix	SRR37042651.4943286	2	NC_002506.1	60	60	1	R1:NC_002506.1:1072214-1072365:MAPQ60:151=;R2:NC_002506.1:1072307-1072458:MAPQ60:151=
results_align_mapqfix	SRR37042651.4943287	2	NC_002506.1	60	60	1	R1:NC_002506.1:1072214-1072365:MAPQ60:151=;R2:NC_002506.1:1072307-1072458:MAPQ60:151=
results_align_mapqfix	SRR37042651.4943279	1	NC_002506.1	60	60	1	R1:NC_002506.1:1072217-1072368:MAPQ60:151=
results_align_mapqfix	SRR37042651.4943278	1	NC_002506.1	60	60	1	R1:NC_002506.1:1072220-1072371:MAPQ60:151=
results_align_mapqfix	SRR37042651.6326233	1	NC_002506.1	60	60	1	R2:NC_002506.1:1072232-1072383:MAPQ60:151=
results_align_mapqfix	SRR37042651.6326234	1	NC_002506.1	60	60	1	R2:NC_002506.1:1072232-1072383:MAPQ60:151=
results_align_mapqfix	SRR37042651.4943276	1	NC_002506.1	60	60	1	R1:NC_002506.1:1072234-1072385:MAPQ60:151=
results_align_mapqfix	SRR37042651.4943277	1	NC_002506.1	60	60	1	R1:NC_002506.1:1072234-1072385:MAPQ60:151=
results_align_mapqfix	SRR37042651.10942772	1	NC_002506.1	60	60	1	R2:NC_002506.1:1072266-1072417:MAPQ60:151=
results_align_mapqfix	SRR37042651.430445	1	NC_002506.1	60	60	1	R2:NC_002506.1:1072271-1072422:MAPQ60:151=
results_align_mapqfix	SRR37042651.10942774	1	NC_002506.1	60	60	1	R2:NC_002506.1:1072274-1072425:MAPQ60:151=
results_align_mapqfix	SRR37042651.10942776	1	NC_002506.1	60	60	1	R1:NC_002506.1:1072309-1072460:MAPQ60:151=
